"Corrected","BestCanon","AvgDist","MaxDist"
"C:\Users\Administrator\Documents\xwechat_files\wxid_ccnsk401f7tu22_5a73\msg\file\2025-11\df\corrected_voids_relax\voids-relax.0.dump","C:\Users\Administrator\Documents\xwechat_files\wxid_ccnsk401f7tu22_5a73\msg\file\2025-11\df\voids.2","0","0"
"C:\Users\Administrator\Documents\xwechat_files\wxid_ccnsk401f7tu22_5a73\msg\file\2025-11\df\corrected_voids_relax\voids-relax.1000.dump","C:\Users\Administrator\Documents\xwechat_files\wxid_ccnsk401f7tu22_5a73\msg\file\2025-11\df\voids.3","2.352426","17.185052"
"C:\Users\Administrator\Documents\xwechat_files\wxid_ccnsk401f7tu22_5a73\msg\file\2025-11\df\corrected_voids_relax\voids-relax.10000.dump","C:\Users\Administrator\Documents\xwechat_files\wxid_ccnsk401f7tu22_5a73\msg\file\2025-11\df\voids.25000","2.159102","17.267607"
"C:\Users\Administrator\Documents\xwechat_files\wxid_ccnsk401f7tu22_5a73\msg\file\2025-11\df\corrected_voids_relax\voids-relax.100000.dump","C:\Users\Administrator\Documents\xwechat_files\wxid_ccnsk401f7tu22_5a73\msg\file\2025-11\df\voids.0","0","0"
"C:\Users\Administrator\Documents\xwechat_files\wxid_ccnsk401f7tu22_5a73\msg\file\2025-11\df\corrected_voids_relax\voids-relax.101000.dump","C:\Users\Administrator\Documents\xwechat_files\wxid_ccnsk401f7tu22_5a73\msg\file\2025-11\df\voids.1","2.561571","16.458895"
"C:\Users\Administrator\Documents\xwechat_files\wxid_ccnsk401f7tu22_5a73\msg\file\2025-11\df\corrected_voids_relax\voids-relax.102000.dump","C:\Users\Administrator\Documents\xwechat_files\wxid_ccnsk401f7tu22_5a73\msg\file\2025-11\df\voids.1","2.435094","15.752037"
"C:\Users\Administrator\Documents\xwechat_files\wxid_ccnsk401f7tu22_5a73\msg\file\2025-11\df\corrected_voids_relax\voids-relax.103000.dump","C:\Users\Administrator\Documents\xwechat_files\wxid_ccnsk401f7tu22_5a73\msg\file\2025-11\df\voids.3","2.592047","17.588864"
"C:\Users\Administrator\Documents\xwechat_files\wxid_ccnsk401f7tu22_5a73\msg\file\2025-11\df\corrected_voids_relax\voids-relax.104000.dump","C:\Users\Administrator\Documents\xwechat_files\wxid_ccnsk401f7tu22_5a73\msg\file\2025-11\df\voids.1","2.393862","16.263912"
"C:\Users\Administrator\Documents\xwechat_files\wxid_ccnsk401f7tu22_5a73\msg\file\2025-11\df\corrected_voids_relax\voids-relax.105000.dump","C:\Users\Administrator\Documents\xwechat_files\wxid_ccnsk401f7tu22_5a73\msg\file\2025-11\df\voids.1","2.504093","16.328811"
"C:\Users\Administrator\Documents\xwechat_files\wxid_ccnsk401f7tu22_5a73\msg\file\2025-11\df\corrected_voids_relax\voids-relax.106000.dump","C:\Users\Administrator\Documents\xwechat_files\wxid_ccnsk401f7tu22_5a73\msg\file\2025-11\df\voids.1","2.648753","16.845997"
"C:\Users\Administrator\Documents\xwechat_files\wxid_ccnsk401f7tu22_5a73\msg\file\2025-11\df\corrected_voids_relax\voids-relax.107000.dump","C:\Users\Administrator\Documents\xwechat_files\wxid_ccnsk401f7tu22_5a73\msg\file\2025-11\df\voids.1","2.797661","17.441485"
"C:\Users\Administrator\Documents\xwechat_files\wxid_ccnsk401f7tu22_5a73\msg\file\2025-11\df\corrected_voids_relax\voids-relax.108000.dump","C:\Users\Administrator\Documents\xwechat_files\wxid_ccnsk401f7tu22_5a73\msg\file\2025-11\df\voids.1","2.822569","16.184555"
"C:\Users\Administrator\Documents\xwechat_files\wxid_ccnsk401f7tu22_5a73\msg\file\2025-11\df\corrected_voids_relax\voids-relax.109000.dump","C:\Users\Administrator\Documents\xwechat_files\wxid_ccnsk401f7tu22_5a73\msg\file\2025-11\df\voids.1","2.551662","16.610271"
"C:\Users\Administrator\Documents\xwechat_files\wxid_ccnsk401f7tu22_5a73\msg\file\2025-11\df\corrected_voids_relax\voids-relax.11000.dump","C:\Users\Administrator\Documents\xwechat_files\wxid_ccnsk401f7tu22_5a73\msg\file\2025-11\df\voids.25000","2.31281","17.476666"
"C:\Users\Administrator\Documents\xwechat_files\wxid_ccnsk401f7tu22_5a73\msg\file\2025-11\df\corrected_voids_relax\voids-relax.110000.dump","C:\Users\Administrator\Documents\xwechat_files\wxid_ccnsk401f7tu22_5a73\msg\file\2025-11\df\voids.1","2.607314","16.585284"
"C:\Users\Administrator\Documents\xwechat_files\wxid_ccnsk401f7tu22_5a73\msg\file\2025-11\df\corrected_voids_relax\voids-relax.111000.dump","C:\Users\Administrator\Documents\xwechat_files\wxid_ccnsk401f7tu22_5a73\msg\file\2025-11\df\voids.1","2.827079","17.324237"
"C:\Users\Administrator\Documents\xwechat_files\wxid_ccnsk401f7tu22_5a73\msg\file\2025-11\df\corrected_voids_relax\voids-relax.112000.dump","C:\Users\Administrator\Documents\xwechat_files\wxid_ccnsk401f7tu22_5a73\msg\file\2025-11\df\voids.1","2.583184","16.535197"
"C:\Users\Administrator\Documents\xwechat_files\wxid_ccnsk401f7tu22_5a73\msg\file\2025-11\df\corrected_voids_relax\voids-relax.113000.dump","C:\Users\Administrator\Documents\xwechat_files\wxid_ccnsk401f7tu22_5a73\msg\file\2025-11\df\voids.1","2.471164","17.334399"
"C:\Users\Administrator\Documents\xwechat_files\wxid_ccnsk401f7tu22_5a73\msg\file\2025-11\df\corrected_voids_relax\voids-relax.114000.dump","C:\Users\Administrator\Documents\xwechat_files\wxid_ccnsk401f7tu22_5a73\msg\file\2025-11\df\voids.1","2.516439","16.383562"
"C:\Users\Administrator\Documents\xwechat_files\wxid_ccnsk401f7tu22_5a73\msg\file\2025-11\df\corrected_voids_relax\voids-relax.115000.dump","C:\Users\Administrator\Documents\xwechat_files\wxid_ccnsk401f7tu22_5a73\msg\file\2025-11\df\voids.1","2.636274","16.498103"
"C:\Users\Administrator\Documents\xwechat_files\wxid_ccnsk401f7tu22_5a73\msg\file\2025-11\df\corrected_voids_relax\voids-relax.116000.dump","C:\Users\Administrator\Documents\xwechat_files\wxid_ccnsk401f7tu22_5a73\msg\file\2025-11\df\voids.1","2.563489","16.43468"
"C:\Users\Administrator\Documents\xwechat_files\wxid_ccnsk401f7tu22_5a73\msg\file\2025-11\df\corrected_voids_relax\voids-relax.117000.dump","C:\Users\Administrator\Documents\xwechat_files\wxid_ccnsk401f7tu22_5a73\msg\file\2025-11\df\voids.3","2.561457","16.717116"
"C:\Users\Administrator\Documents\xwechat_files\wxid_ccnsk401f7tu22_5a73\msg\file\2025-11\df\corrected_voids_relax\voids-relax.118000.dump","C:\Users\Administrator\Documents\xwechat_files\wxid_ccnsk401f7tu22_5a73\msg\file\2025-11\df\voids.1","2.52667","16.413854"
"C:\Users\Administrator\Documents\xwechat_files\wxid_ccnsk401f7tu22_5a73\msg\file\2025-11\df\corrected_voids_relax\voids-relax.119000.dump","C:\Users\Administrator\Documents\xwechat_files\wxid_ccnsk401f7tu22_5a73\msg\file\2025-11\df\voids.1","2.584273","16.310512"
"C:\Users\Administrator\Documents\xwechat_files\wxid_ccnsk401f7tu22_5a73\msg\file\2025-11\df\corrected_voids_relax\voids-relax.12000.dump","C:\Users\Administrator\Documents\xwechat_files\wxid_ccnsk401f7tu22_5a73\msg\file\2025-11\df\voids.25000","2.408889","18.800962"
"C:\Users\Administrator\Documents\xwechat_files\wxid_ccnsk401f7tu22_5a73\msg\file\2025-11\df\corrected_voids_relax\voids-relax.120000.dump","C:\Users\Administrator\Documents\xwechat_files\wxid_ccnsk401f7tu22_5a73\msg\file\2025-11\df\voids.3","2.514985","18.140136"
"C:\Users\Administrator\Documents\xwechat_files\wxid_ccnsk401f7tu22_5a73\msg\file\2025-11\df\corrected_voids_relax\voids-relax.121000.dump","C:\Users\Administrator\Documents\xwechat_files\wxid_ccnsk401f7tu22_5a73\msg\file\2025-11\df\voids.3","2.466846","14.045397"
"C:\Users\Administrator\Documents\xwechat_files\wxid_ccnsk401f7tu22_5a73\msg\file\2025-11\df\corrected_voids_relax\voids-relax.122000.dump","C:\Users\Administrator\Documents\xwechat_files\wxid_ccnsk401f7tu22_5a73\msg\file\2025-11\df\voids.1","2.559929","17.390374"
"C:\Users\Administrator\Documents\xwechat_files\wxid_ccnsk401f7tu22_5a73\msg\file\2025-11\df\corrected_voids_relax\voids-relax.123000.dump","C:\Users\Administrator\Documents\xwechat_files\wxid_ccnsk401f7tu22_5a73\msg\file\2025-11\df\voids.0","2.200971","17.104988"
"C:\Users\Administrator\Documents\xwechat_files\wxid_ccnsk401f7tu22_5a73\msg\file\2025-11\df\corrected_voids_relax\voids-relax.124000.dump","C:\Users\Administrator\Documents\xwechat_files\wxid_ccnsk401f7tu22_5a73\msg\file\2025-11\df\voids.3","2.372974","13.684758"
"C:\Users\Administrator\Documents\xwechat_files\wxid_ccnsk401f7tu22_5a73\msg\file\2025-11\df\corrected_voids_relax\voids-relax.125000.dump","C:\Users\Administrator\Documents\xwechat_files\wxid_ccnsk401f7tu22_5a73\msg\file\2025-11\df\voids.1","2.515997","16.585347"
"C:\Users\Administrator\Documents\xwechat_files\wxid_ccnsk401f7tu22_5a73\msg\file\2025-11\df\corrected_voids_relax\voids-relax.126000.dump","C:\Users\Administrator\Documents\xwechat_files\wxid_ccnsk401f7tu22_5a73\msg\file\2025-11\df\voids.3","2.672778","16.066402"
"C:\Users\Administrator\Documents\xwechat_files\wxid_ccnsk401f7tu22_5a73\msg\file\2025-11\df\corrected_voids_relax\voids-relax.127000.dump","C:\Users\Administrator\Documents\xwechat_files\wxid_ccnsk401f7tu22_5a73\msg\file\2025-11\df\voids.3","2.392833","17.452597"
"C:\Users\Administrator\Documents\xwechat_files\wxid_ccnsk401f7tu22_5a73\msg\file\2025-11\df\corrected_voids_relax\voids-relax.128000.dump","C:\Users\Administrator\Documents\xwechat_files\wxid_ccnsk401f7tu22_5a73\msg\file\2025-11\df\voids.1","2.581418","18.332802"
"C:\Users\Administrator\Documents\xwechat_files\wxid_ccnsk401f7tu22_5a73\msg\file\2025-11\df\corrected_voids_relax\voids-relax.129000.dump","C:\Users\Administrator\Documents\xwechat_files\wxid_ccnsk401f7tu22_5a73\msg\file\2025-11\df\voids.3","2.573676","17.514718"
"C:\Users\Administrator\Documents\xwechat_files\wxid_ccnsk401f7tu22_5a73\msg\file\2025-11\df\corrected_voids_relax\voids-relax.13000.dump","C:\Users\Administrator\Documents\xwechat_files\wxid_ccnsk401f7tu22_5a73\msg\file\2025-11\df\voids.25000","2.336655","18.004559"
"C:\Users\Administrator\Documents\xwechat_files\wxid_ccnsk401f7tu22_5a73\msg\file\2025-11\df\corrected_voids_relax\voids-relax.130000.dump","C:\Users\Administrator\Documents\xwechat_files\wxid_ccnsk401f7tu22_5a73\msg\file\2025-11\df\voids.3","2.523817","16.608787"
"C:\Users\Administrator\Documents\xwechat_files\wxid_ccnsk401f7tu22_5a73\msg\file\2025-11\df\corrected_voids_relax\voids-relax.131000.dump","C:\Users\Administrator\Documents\xwechat_files\wxid_ccnsk401f7tu22_5a73\msg\file\2025-11\df\voids.1","2.382431","16.217184"
"C:\Users\Administrator\Documents\xwechat_files\wxid_ccnsk401f7tu22_5a73\msg\file\2025-11\df\corrected_voids_relax\voids-relax.132000.dump","C:\Users\Administrator\Documents\xwechat_files\wxid_ccnsk401f7tu22_5a73\msg\file\2025-11\df\voids.1","2.313954","16.153683"
"C:\Users\Administrator\Documents\xwechat_files\wxid_ccnsk401f7tu22_5a73\msg\file\2025-11\df\corrected_voids_relax\voids-relax.133000.dump","C:\Users\Administrator\Documents\xwechat_files\wxid_ccnsk401f7tu22_5a73\msg\file\2025-11\df\voids.1","2.970014","16.361492"
"C:\Users\Administrator\Documents\xwechat_files\wxid_ccnsk401f7tu22_5a73\msg\file\2025-11\df\corrected_voids_relax\voids-relax.134000.dump","C:\Users\Administrator\Documents\xwechat_files\wxid_ccnsk401f7tu22_5a73\msg\file\2025-11\df\voids.1","2.477654","16.35728"
"C:\Users\Administrator\Documents\xwechat_files\wxid_ccnsk401f7tu22_5a73\msg\file\2025-11\df\corrected_voids_relax\voids-relax.135000.dump","C:\Users\Administrator\Documents\xwechat_files\wxid_ccnsk401f7tu22_5a73\msg\file\2025-11\df\voids.1","2.614823","16.416406"
"C:\Users\Administrator\Documents\xwechat_files\wxid_ccnsk401f7tu22_5a73\msg\file\2025-11\df\corrected_voids_relax\voids-relax.136000.dump","C:\Users\Administrator\Documents\xwechat_files\wxid_ccnsk401f7tu22_5a73\msg\file\2025-11\df\voids.1","2.310782","16.264844"
"C:\Users\Administrator\Documents\xwechat_files\wxid_ccnsk401f7tu22_5a73\msg\file\2025-11\df\corrected_voids_relax\voids-relax.137000.dump","C:\Users\Administrator\Documents\xwechat_files\wxid_ccnsk401f7tu22_5a73\msg\file\2025-11\df\voids.1","2.72903","16.548402"
"C:\Users\Administrator\Documents\xwechat_files\wxid_ccnsk401f7tu22_5a73\msg\file\2025-11\df\corrected_voids_relax\voids-relax.138000.dump","C:\Users\Administrator\Documents\xwechat_files\wxid_ccnsk401f7tu22_5a73\msg\file\2025-11\df\voids.1","3.057225","17.974749"
"C:\Users\Administrator\Documents\xwechat_files\wxid_ccnsk401f7tu22_5a73\msg\file\2025-11\df\corrected_voids_relax\voids-relax.139000.dump","C:\Users\Administrator\Documents\xwechat_files\wxid_ccnsk401f7tu22_5a73\msg\file\2025-11\df\voids.1","2.528081","16.614141"
"C:\Users\Administrator\Documents\xwechat_files\wxid_ccnsk401f7tu22_5a73\msg\file\2025-11\df\corrected_voids_relax\voids-relax.14000.dump","C:\Users\Administrator\Documents\xwechat_files\wxid_ccnsk401f7tu22_5a73\msg\file\2025-11\df\voids.3","2.241535","17.832734"
"C:\Users\Administrator\Documents\xwechat_files\wxid_ccnsk401f7tu22_5a73\msg\file\2025-11\df\corrected_voids_relax\voids-relax.140000.dump","C:\Users\Administrator\Documents\xwechat_files\wxid_ccnsk401f7tu22_5a73\msg\file\2025-11\df\voids.1","2.437928","16.103786"
"C:\Users\Administrator\Documents\xwechat_files\wxid_ccnsk401f7tu22_5a73\msg\file\2025-11\df\corrected_voids_relax\voids-relax.141000.dump","C:\Users\Administrator\Documents\xwechat_files\wxid_ccnsk401f7tu22_5a73\msg\file\2025-11\df\voids.1","2.374458","16.310364"
"C:\Users\Administrator\Documents\xwechat_files\wxid_ccnsk401f7tu22_5a73\msg\file\2025-11\df\corrected_voids_relax\voids-relax.142000.dump","C:\Users\Administrator\Documents\xwechat_files\wxid_ccnsk401f7tu22_5a73\msg\file\2025-11\df\voids.1","2.520055","16.300425"
"C:\Users\Administrator\Documents\xwechat_files\wxid_ccnsk401f7tu22_5a73\msg\file\2025-11\df\corrected_voids_relax\voids-relax.143000.dump","C:\Users\Administrator\Documents\xwechat_files\wxid_ccnsk401f7tu22_5a73\msg\file\2025-11\df\voids.1","2.3419","16.181998"
"C:\Users\Administrator\Documents\xwechat_files\wxid_ccnsk401f7tu22_5a73\msg\file\2025-11\df\corrected_voids_relax\voids-relax.144000.dump","C:\Users\Administrator\Documents\xwechat_files\wxid_ccnsk401f7tu22_5a73\msg\file\2025-11\df\voids.1","2.97835","16.611808"
"C:\Users\Administrator\Documents\xwechat_files\wxid_ccnsk401f7tu22_5a73\msg\file\2025-11\df\corrected_voids_relax\voids-relax.145000.dump","C:\Users\Administrator\Documents\xwechat_files\wxid_ccnsk401f7tu22_5a73\msg\file\2025-11\df\voids.1","2.426615","15.685003"
"C:\Users\Administrator\Documents\xwechat_files\wxid_ccnsk401f7tu22_5a73\msg\file\2025-11\df\corrected_voids_relax\voids-relax.146000.dump","C:\Users\Administrator\Documents\xwechat_files\wxid_ccnsk401f7tu22_5a73\msg\file\2025-11\df\voids.1","2.504423","15.4959"
"C:\Users\Administrator\Documents\xwechat_files\wxid_ccnsk401f7tu22_5a73\msg\file\2025-11\df\corrected_voids_relax\voids-relax.147000.dump","C:\Users\Administrator\Documents\xwechat_files\wxid_ccnsk401f7tu22_5a73\msg\file\2025-11\df\voids.1","2.310186","17.070546"
"C:\Users\Administrator\Documents\xwechat_files\wxid_ccnsk401f7tu22_5a73\msg\file\2025-11\df\corrected_voids_relax\voids-relax.148000.dump","C:\Users\Administrator\Documents\xwechat_files\wxid_ccnsk401f7tu22_5a73\msg\file\2025-11\df\voids.1","2.595976","16.484095"
"C:\Users\Administrator\Documents\xwechat_files\wxid_ccnsk401f7tu22_5a73\msg\file\2025-11\df\corrected_voids_relax\voids-relax.149000.dump","C:\Users\Administrator\Documents\xwechat_files\wxid_ccnsk401f7tu22_5a73\msg\file\2025-11\df\voids.1","2.545621","16.271868"
"C:\Users\Administrator\Documents\xwechat_files\wxid_ccnsk401f7tu22_5a73\msg\file\2025-11\df\corrected_voids_relax\voids-relax.15000.dump","C:\Users\Administrator\Documents\xwechat_files\wxid_ccnsk401f7tu22_5a73\msg\file\2025-11\df\voids.3","2.25177","17.138547"
"C:\Users\Administrator\Documents\xwechat_files\wxid_ccnsk401f7tu22_5a73\msg\file\2025-11\df\corrected_voids_relax\voids-relax.150000.dump","C:\Users\Administrator\Documents\xwechat_files\wxid_ccnsk401f7tu22_5a73\msg\file\2025-11\df\voids.1","2.758144","16.622177"
"C:\Users\Administrator\Documents\xwechat_files\wxid_ccnsk401f7tu22_5a73\msg\file\2025-11\df\corrected_voids_relax\voids-relax.151000.dump","C:\Users\Administrator\Documents\xwechat_files\wxid_ccnsk401f7tu22_5a73\msg\file\2025-11\df\voids.1","2.577433","16.174737"
"C:\Users\Administrator\Documents\xwechat_files\wxid_ccnsk401f7tu22_5a73\msg\file\2025-11\df\corrected_voids_relax\voids-relax.152000.dump","C:\Users\Administrator\Documents\xwechat_files\wxid_ccnsk401f7tu22_5a73\msg\file\2025-11\df\voids.1","2.585073","16.31096"
"C:\Users\Administrator\Documents\xwechat_files\wxid_ccnsk401f7tu22_5a73\msg\file\2025-11\df\corrected_voids_relax\voids-relax.153000.dump","C:\Users\Administrator\Documents\xwechat_files\wxid_ccnsk401f7tu22_5a73\msg\file\2025-11\df\voids.1","2.746207","15.522218"
"C:\Users\Administrator\Documents\xwechat_files\wxid_ccnsk401f7tu22_5a73\msg\file\2025-11\df\corrected_voids_relax\voids-relax.154000.dump","C:\Users\Administrator\Documents\xwechat_files\wxid_ccnsk401f7tu22_5a73\msg\file\2025-11\df\voids.1","2.380751","16.835241"
"C:\Users\Administrator\Documents\xwechat_files\wxid_ccnsk401f7tu22_5a73\msg\file\2025-11\df\corrected_voids_relax\voids-relax.155000.dump","C:\Users\Administrator\Documents\xwechat_files\wxid_ccnsk401f7tu22_5a73\msg\file\2025-11\df\voids.1","2.299794","16.201278"
"C:\Users\Administrator\Documents\xwechat_files\wxid_ccnsk401f7tu22_5a73\msg\file\2025-11\df\corrected_voids_relax\voids-relax.156000.dump","C:\Users\Administrator\Documents\xwechat_files\wxid_ccnsk401f7tu22_5a73\msg\file\2025-11\df\voids.1","2.226214","17.042829"
"C:\Users\Administrator\Documents\xwechat_files\wxid_ccnsk401f7tu22_5a73\msg\file\2025-11\df\corrected_voids_relax\voids-relax.157000.dump","C:\Users\Administrator\Documents\xwechat_files\wxid_ccnsk401f7tu22_5a73\msg\file\2025-11\df\voids.1","2.624177","15.748081"
"C:\Users\Administrator\Documents\xwechat_files\wxid_ccnsk401f7tu22_5a73\msg\file\2025-11\df\corrected_voids_relax\voids-relax.158000.dump","C:\Users\Administrator\Documents\xwechat_files\wxid_ccnsk401f7tu22_5a73\msg\file\2025-11\df\voids.1","2.529215","16.661065"
"C:\Users\Administrator\Documents\xwechat_files\wxid_ccnsk401f7tu22_5a73\msg\file\2025-11\df\corrected_voids_relax\voids-relax.159000.dump","C:\Users\Administrator\Documents\xwechat_files\wxid_ccnsk401f7tu22_5a73\msg\file\2025-11\df\voids.1","2.459424","17.081778"
"C:\Users\Administrator\Documents\xwechat_files\wxid_ccnsk401f7tu22_5a73\msg\file\2025-11\df\corrected_voids_relax\voids-relax.16000.dump","C:\Users\Administrator\Documents\xwechat_files\wxid_ccnsk401f7tu22_5a73\msg\file\2025-11\df\voids.2","2.236227","17.925987"
"C:\Users\Administrator\Documents\xwechat_files\wxid_ccnsk401f7tu22_5a73\msg\file\2025-11\df\corrected_voids_relax\voids-relax.160000.dump","C:\Users\Administrator\Documents\xwechat_files\wxid_ccnsk401f7tu22_5a73\msg\file\2025-11\df\voids.1","2.184878","17.106164"
"C:\Users\Administrator\Documents\xwechat_files\wxid_ccnsk401f7tu22_5a73\msg\file\2025-11\df\corrected_voids_relax\voids-relax.161000.dump","C:\Users\Administrator\Documents\xwechat_files\wxid_ccnsk401f7tu22_5a73\msg\file\2025-11\df\voids.3","2.458612","16.676568"
"C:\Users\Administrator\Documents\xwechat_files\wxid_ccnsk401f7tu22_5a73\msg\file\2025-11\df\corrected_voids_relax\voids-relax.162000.dump","C:\Users\Administrator\Documents\xwechat_files\wxid_ccnsk401f7tu22_5a73\msg\file\2025-11\df\voids.3","2.56389","17.314071"
"C:\Users\Administrator\Documents\xwechat_files\wxid_ccnsk401f7tu22_5a73\msg\file\2025-11\df\corrected_voids_relax\voids-relax.163000.dump","C:\Users\Administrator\Documents\xwechat_files\wxid_ccnsk401f7tu22_5a73\msg\file\2025-11\df\voids.1","2.492895","18.517323"
"C:\Users\Administrator\Documents\xwechat_files\wxid_ccnsk401f7tu22_5a73\msg\file\2025-11\df\corrected_voids_relax\voids-relax.164000.dump","C:\Users\Administrator\Documents\xwechat_files\wxid_ccnsk401f7tu22_5a73\msg\file\2025-11\df\voids.1","2.359258","14.758374"
"C:\Users\Administrator\Documents\xwechat_files\wxid_ccnsk401f7tu22_5a73\msg\file\2025-11\df\corrected_voids_relax\voids-relax.165000.dump","C:\Users\Administrator\Documents\xwechat_files\wxid_ccnsk401f7tu22_5a73\msg\file\2025-11\df\voids.1","2.265845","16.784614"
"C:\Users\Administrator\Documents\xwechat_files\wxid_ccnsk401f7tu22_5a73\msg\file\2025-11\df\corrected_voids_relax\voids-relax.166000.dump","C:\Users\Administrator\Documents\xwechat_files\wxid_ccnsk401f7tu22_5a73\msg\file\2025-11\df\voids.3","2.27641","18.03908"
"C:\Users\Administrator\Documents\xwechat_files\wxid_ccnsk401f7tu22_5a73\msg\file\2025-11\df\corrected_voids_relax\voids-relax.167000.dump","C:\Users\Administrator\Documents\xwechat_files\wxid_ccnsk401f7tu22_5a73\msg\file\2025-11\df\voids.3","2.380955","17.886309"
"C:\Users\Administrator\Documents\xwechat_files\wxid_ccnsk401f7tu22_5a73\msg\file\2025-11\df\corrected_voids_relax\voids-relax.168000.dump","C:\Users\Administrator\Documents\xwechat_files\wxid_ccnsk401f7tu22_5a73\msg\file\2025-11\df\voids.3","2.569009","17.320687"
"C:\Users\Administrator\Documents\xwechat_files\wxid_ccnsk401f7tu22_5a73\msg\file\2025-11\df\corrected_voids_relax\voids-relax.169000.dump","C:\Users\Administrator\Documents\xwechat_files\wxid_ccnsk401f7tu22_5a73\msg\file\2025-11\df\voids.1","2.163909","15.278226"
"C:\Users\Administrator\Documents\xwechat_files\wxid_ccnsk401f7tu22_5a73\msg\file\2025-11\df\corrected_voids_relax\voids-relax.17000.dump","C:\Users\Administrator\Documents\xwechat_files\wxid_ccnsk401f7tu22_5a73\msg\file\2025-11\df\voids.3","2.56681","17.574786"
"C:\Users\Administrator\Documents\xwechat_files\wxid_ccnsk401f7tu22_5a73\msg\file\2025-11\df\corrected_voids_relax\voids-relax.170000.dump","C:\Users\Administrator\Documents\xwechat_files\wxid_ccnsk401f7tu22_5a73\msg\file\2025-11\df\voids.1","2.297318","16.843304"
"C:\Users\Administrator\Documents\xwechat_files\wxid_ccnsk401f7tu22_5a73\msg\file\2025-11\df\corrected_voids_relax\voids-relax.171000.dump","C:\Users\Administrator\Documents\xwechat_files\wxid_ccnsk401f7tu22_5a73\msg\file\2025-11\df\voids.1","2.311736","16.862104"
"C:\Users\Administrator\Documents\xwechat_files\wxid_ccnsk401f7tu22_5a73\msg\file\2025-11\df\corrected_voids_relax\voids-relax.172000.dump","C:\Users\Administrator\Documents\xwechat_files\wxid_ccnsk401f7tu22_5a73\msg\file\2025-11\df\voids.1","2.434142","15.735898"
"C:\Users\Administrator\Documents\xwechat_files\wxid_ccnsk401f7tu22_5a73\msg\file\2025-11\df\corrected_voids_relax\voids-relax.173000.dump","C:\Users\Administrator\Documents\xwechat_files\wxid_ccnsk401f7tu22_5a73\msg\file\2025-11\df\voids.1","2.329046","18.60423"
"C:\Users\Administrator\Documents\xwechat_files\wxid_ccnsk401f7tu22_5a73\msg\file\2025-11\df\corrected_voids_relax\voids-relax.174000.dump","C:\Users\Administrator\Documents\xwechat_files\wxid_ccnsk401f7tu22_5a73\msg\file\2025-11\df\voids.1","2.222892","16.867908"
"C:\Users\Administrator\Documents\xwechat_files\wxid_ccnsk401f7tu22_5a73\msg\file\2025-11\df\corrected_voids_relax\voids-relax.175000.dump","C:\Users\Administrator\Documents\xwechat_files\wxid_ccnsk401f7tu22_5a73\msg\file\2025-11\df\voids.1","2.069008","14.913247"
"C:\Users\Administrator\Documents\xwechat_files\wxid_ccnsk401f7tu22_5a73\msg\file\2025-11\df\corrected_voids_relax\voids-relax.176000.dump","C:\Users\Administrator\Documents\xwechat_files\wxid_ccnsk401f7tu22_5a73\msg\file\2025-11\df\voids.1","2.167276","16.990384"
"C:\Users\Administrator\Documents\xwechat_files\wxid_ccnsk401f7tu22_5a73\msg\file\2025-11\df\corrected_voids_relax\voids-relax.177000.dump","C:\Users\Administrator\Documents\xwechat_files\wxid_ccnsk401f7tu22_5a73\msg\file\2025-11\df\voids.1","2.45444","14.569189"
"C:\Users\Administrator\Documents\xwechat_files\wxid_ccnsk401f7tu22_5a73\msg\file\2025-11\df\corrected_voids_relax\voids-relax.178000.dump","C:\Users\Administrator\Documents\xwechat_files\wxid_ccnsk401f7tu22_5a73\msg\file\2025-11\df\voids.3","2.476028","16.570468"
"C:\Users\Administrator\Documents\xwechat_files\wxid_ccnsk401f7tu22_5a73\msg\file\2025-11\df\corrected_voids_relax\voids-relax.179000.dump","C:\Users\Administrator\Documents\xwechat_files\wxid_ccnsk401f7tu22_5a73\msg\file\2025-11\df\voids.1","2.62159","16.909052"
"C:\Users\Administrator\Documents\xwechat_files\wxid_ccnsk401f7tu22_5a73\msg\file\2025-11\df\corrected_voids_relax\voids-relax.18000.dump","C:\Users\Administrator\Documents\xwechat_files\wxid_ccnsk401f7tu22_5a73\msg\file\2025-11\df\voids.3","2.315859","17.521633"
"C:\Users\Administrator\Documents\xwechat_files\wxid_ccnsk401f7tu22_5a73\msg\file\2025-11\df\corrected_voids_relax\voids-relax.180000.dump","C:\Users\Administrator\Documents\xwechat_files\wxid_ccnsk401f7tu22_5a73\msg\file\2025-11\df\voids.1","2.2586","16.916425"
"C:\Users\Administrator\Documents\xwechat_files\wxid_ccnsk401f7tu22_5a73\msg\file\2025-11\df\corrected_voids_relax\voids-relax.181000.dump","C:\Users\Administrator\Documents\xwechat_files\wxid_ccnsk401f7tu22_5a73\msg\file\2025-11\df\voids.3","2.652898","17.200384"
"C:\Users\Administrator\Documents\xwechat_files\wxid_ccnsk401f7tu22_5a73\msg\file\2025-11\df\corrected_voids_relax\voids-relax.182000.dump","C:\Users\Administrator\Documents\xwechat_files\wxid_ccnsk401f7tu22_5a73\msg\file\2025-11\df\voids.1","2.461509","17.724287"
"C:\Users\Administrator\Documents\xwechat_files\wxid_ccnsk401f7tu22_5a73\msg\file\2025-11\df\corrected_voids_relax\voids-relax.183000.dump","C:\Users\Administrator\Documents\xwechat_files\wxid_ccnsk401f7tu22_5a73\msg\file\2025-11\df\voids.3","2.517392","17.582845"
"C:\Users\Administrator\Documents\xwechat_files\wxid_ccnsk401f7tu22_5a73\msg\file\2025-11\df\corrected_voids_relax\voids-relax.184000.dump","C:\Users\Administrator\Documents\xwechat_files\wxid_ccnsk401f7tu22_5a73\msg\file\2025-11\df\voids.1","2.645043","17.753743"
"C:\Users\Administrator\Documents\xwechat_files\wxid_ccnsk401f7tu22_5a73\msg\file\2025-11\df\corrected_voids_relax\voids-relax.185000.dump","C:\Users\Administrator\Documents\xwechat_files\wxid_ccnsk401f7tu22_5a73\msg\file\2025-11\df\voids.1","2.470536","16.881725"
"C:\Users\Administrator\Documents\xwechat_files\wxid_ccnsk401f7tu22_5a73\msg\file\2025-11\df\corrected_voids_relax\voids-relax.186000.dump","C:\Users\Administrator\Documents\xwechat_files\wxid_ccnsk401f7tu22_5a73\msg\file\2025-11\df\voids.1","2.460244","14.741768"
"C:\Users\Administrator\Documents\xwechat_files\wxid_ccnsk401f7tu22_5a73\msg\file\2025-11\df\corrected_voids_relax\voids-relax.187000.dump","C:\Users\Administrator\Documents\xwechat_files\wxid_ccnsk401f7tu22_5a73\msg\file\2025-11\df\voids.1","2.440896","18.237937"
"C:\Users\Administrator\Documents\xwechat_files\wxid_ccnsk401f7tu22_5a73\msg\file\2025-11\df\corrected_voids_relax\voids-relax.188000.dump","C:\Users\Administrator\Documents\xwechat_files\wxid_ccnsk401f7tu22_5a73\msg\file\2025-11\df\voids.1","2.413037","12.691573"
"C:\Users\Administrator\Documents\xwechat_files\wxid_ccnsk401f7tu22_5a73\msg\file\2025-11\df\corrected_voids_relax\voids-relax.189000.dump","C:\Users\Administrator\Documents\xwechat_files\wxid_ccnsk401f7tu22_5a73\msg\file\2025-11\df\voids.1","2.543649","17.544972"
"C:\Users\Administrator\Documents\xwechat_files\wxid_ccnsk401f7tu22_5a73\msg\file\2025-11\df\corrected_voids_relax\voids-relax.19000.dump","C:\Users\Administrator\Documents\xwechat_files\wxid_ccnsk401f7tu22_5a73\msg\file\2025-11\df\voids.3","2.152119","18.16146"
"C:\Users\Administrator\Documents\xwechat_files\wxid_ccnsk401f7tu22_5a73\msg\file\2025-11\df\corrected_voids_relax\voids-relax.190000.dump","C:\Users\Administrator\Documents\xwechat_files\wxid_ccnsk401f7tu22_5a73\msg\file\2025-11\df\voids.3","2.597616","16.561304"
"C:\Users\Administrator\Documents\xwechat_files\wxid_ccnsk401f7tu22_5a73\msg\file\2025-11\df\corrected_voids_relax\voids-relax.191000.dump","C:\Users\Administrator\Documents\xwechat_files\wxid_ccnsk401f7tu22_5a73\msg\file\2025-11\df\voids.1","2.664779","16.764084"
"C:\Users\Administrator\Documents\xwechat_files\wxid_ccnsk401f7tu22_5a73\msg\file\2025-11\df\corrected_voids_relax\voids-relax.192000.dump","C:\Users\Administrator\Documents\xwechat_files\wxid_ccnsk401f7tu22_5a73\msg\file\2025-11\df\voids.1","2.5829","17.770676"
"C:\Users\Administrator\Documents\xwechat_files\wxid_ccnsk401f7tu22_5a73\msg\file\2025-11\df\corrected_voids_relax\voids-relax.193000.dump","C:\Users\Administrator\Documents\xwechat_files\wxid_ccnsk401f7tu22_5a73\msg\file\2025-11\df\voids.1","2.276238","14.007716"
"C:\Users\Administrator\Documents\xwechat_files\wxid_ccnsk401f7tu22_5a73\msg\file\2025-11\df\corrected_voids_relax\voids-relax.194000.dump","C:\Users\Administrator\Documents\xwechat_files\wxid_ccnsk401f7tu22_5a73\msg\file\2025-11\df\voids.1","2.633295","16.740985"
"C:\Users\Administrator\Documents\xwechat_files\wxid_ccnsk401f7tu22_5a73\msg\file\2025-11\df\corrected_voids_relax\voids-relax.195000.dump","C:\Users\Administrator\Documents\xwechat_files\wxid_ccnsk401f7tu22_5a73\msg\file\2025-11\df\voids.1","2.25341","14.983407"
"C:\Users\Administrator\Documents\xwechat_files\wxid_ccnsk401f7tu22_5a73\msg\file\2025-11\df\corrected_voids_relax\voids-relax.196000.dump","C:\Users\Administrator\Documents\xwechat_files\wxid_ccnsk401f7tu22_5a73\msg\file\2025-11\df\voids.1","2.420897","16.879337"
"C:\Users\Administrator\Documents\xwechat_files\wxid_ccnsk401f7tu22_5a73\msg\file\2025-11\df\corrected_voids_relax\voids-relax.197000.dump","C:\Users\Administrator\Documents\xwechat_files\wxid_ccnsk401f7tu22_5a73\msg\file\2025-11\df\voids.1","2.574463","17.269072"
"C:\Users\Administrator\Documents\xwechat_files\wxid_ccnsk401f7tu22_5a73\msg\file\2025-11\df\corrected_voids_relax\voids-relax.198000.dump","C:\Users\Administrator\Documents\xwechat_files\wxid_ccnsk401f7tu22_5a73\msg\file\2025-11\df\voids.1","2.39538","18.657279"
"C:\Users\Administrator\Documents\xwechat_files\wxid_ccnsk401f7tu22_5a73\msg\file\2025-11\df\corrected_voids_relax\voids-relax.199000.dump","C:\Users\Administrator\Documents\xwechat_files\wxid_ccnsk401f7tu22_5a73\msg\file\2025-11\df\voids.1","0","0"
"C:\Users\Administrator\Documents\xwechat_files\wxid_ccnsk401f7tu22_5a73\msg\file\2025-11\df\corrected_voids_relax\voids-relax.2000.dump","C:\Users\Administrator\Documents\xwechat_files\wxid_ccnsk401f7tu22_5a73\msg\file\2025-11\df\voids.3","2.418532","17.578966"
"C:\Users\Administrator\Documents\xwechat_files\wxid_ccnsk401f7tu22_5a73\msg\file\2025-11\df\corrected_voids_relax\voids-relax.20000.dump","C:\Users\Administrator\Documents\xwechat_files\wxid_ccnsk401f7tu22_5a73\msg\file\2025-11\df\voids.3","2.21547","18.141354"
"C:\Users\Administrator\Documents\xwechat_files\wxid_ccnsk401f7tu22_5a73\msg\file\2025-11\df\corrected_voids_relax\voids-relax.21000.dump","C:\Users\Administrator\Documents\xwechat_files\wxid_ccnsk401f7tu22_5a73\msg\file\2025-11\df\voids.3","2.62412","17.403465"
"C:\Users\Administrator\Documents\xwechat_files\wxid_ccnsk401f7tu22_5a73\msg\file\2025-11\df\corrected_voids_relax\voids-relax.22000.dump","C:\Users\Administrator\Documents\xwechat_files\wxid_ccnsk401f7tu22_5a73\msg\file\2025-11\df\voids.3","2.252197","17.178138"
"C:\Users\Administrator\Documents\xwechat_files\wxid_ccnsk401f7tu22_5a73\msg\file\2025-11\df\corrected_voids_relax\voids-relax.23000.dump","C:\Users\Administrator\Documents\xwechat_files\wxid_ccnsk401f7tu22_5a73\msg\file\2025-11\df\voids.3","2.251049","13.634103"
"C:\Users\Administrator\Documents\xwechat_files\wxid_ccnsk401f7tu22_5a73\msg\file\2025-11\df\corrected_voids_relax\voids-relax.24000.dump","C:\Users\Administrator\Documents\xwechat_files\wxid_ccnsk401f7tu22_5a73\msg\file\2025-11\df\voids.2","2.379955","18.021759"
"C:\Users\Administrator\Documents\xwechat_files\wxid_ccnsk401f7tu22_5a73\msg\file\2025-11\df\corrected_voids_relax\voids-relax.25000.dump","C:\Users\Administrator\Documents\xwechat_files\wxid_ccnsk401f7tu22_5a73\msg\file\2025-11\df\voids.25000","0","0"
"C:\Users\Administrator\Documents\xwechat_files\wxid_ccnsk401f7tu22_5a73\msg\file\2025-11\df\corrected_voids_relax\voids-relax.26000.dump","C:\Users\Administrator\Documents\xwechat_files\wxid_ccnsk401f7tu22_5a73\msg\file\2025-11\df\voids.3","2.371195","17.573803"
"C:\Users\Administrator\Documents\xwechat_files\wxid_ccnsk401f7tu22_5a73\msg\file\2025-11\df\corrected_voids_relax\voids-relax.27000.dump","C:\Users\Administrator\Documents\xwechat_files\wxid_ccnsk401f7tu22_5a73\msg\file\2025-11\df\voids.25000","2.258226","18.267832"
"C:\Users\Administrator\Documents\xwechat_files\wxid_ccnsk401f7tu22_5a73\msg\file\2025-11\df\corrected_voids_relax\voids-relax.28000.dump","C:\Users\Administrator\Documents\xwechat_files\wxid_ccnsk401f7tu22_5a73\msg\file\2025-11\df\voids.3","2.466245","18.251014"
"C:\Users\Administrator\Documents\xwechat_files\wxid_ccnsk401f7tu22_5a73\msg\file\2025-11\df\corrected_voids_relax\voids-relax.29000.dump","C:\Users\Administrator\Documents\xwechat_files\wxid_ccnsk401f7tu22_5a73\msg\file\2025-11\df\voids.25000","2.154209","11.886203"
"C:\Users\Administrator\Documents\xwechat_files\wxid_ccnsk401f7tu22_5a73\msg\file\2025-11\df\corrected_voids_relax\voids-relax.3000.dump","C:\Users\Administrator\Documents\xwechat_files\wxid_ccnsk401f7tu22_5a73\msg\file\2025-11\df\voids.2","2.282964","18.200743"
"C:\Users\Administrator\Documents\xwechat_files\wxid_ccnsk401f7tu22_5a73\msg\file\2025-11\df\corrected_voids_relax\voids-relax.30000.dump","C:\Users\Administrator\Documents\xwechat_files\wxid_ccnsk401f7tu22_5a73\msg\file\2025-11\df\voids.25000","2.251487","17.996511"
"C:\Users\Administrator\Documents\xwechat_files\wxid_ccnsk401f7tu22_5a73\msg\file\2025-11\df\corrected_voids_relax\voids-relax.31000.dump","C:\Users\Administrator\Documents\xwechat_files\wxid_ccnsk401f7tu22_5a73\msg\file\2025-11\df\voids.25000","2.166998","16.441932"
"C:\Users\Administrator\Documents\xwechat_files\wxid_ccnsk401f7tu22_5a73\msg\file\2025-11\df\corrected_voids_relax\voids-relax.32000.dump","C:\Users\Administrator\Documents\xwechat_files\wxid_ccnsk401f7tu22_5a73\msg\file\2025-11\df\voids.25000","2.340329","18.208874"
"C:\Users\Administrator\Documents\xwechat_files\wxid_ccnsk401f7tu22_5a73\msg\file\2025-11\df\corrected_voids_relax\voids-relax.33000.dump","C:\Users\Administrator\Documents\xwechat_files\wxid_ccnsk401f7tu22_5a73\msg\file\2025-11\df\voids.25000","2.784827","18.359643"
"C:\Users\Administrator\Documents\xwechat_files\wxid_ccnsk401f7tu22_5a73\msg\file\2025-11\df\corrected_voids_relax\voids-relax.34000.dump","C:\Users\Administrator\Documents\xwechat_files\wxid_ccnsk401f7tu22_5a73\msg\file\2025-11\df\voids.25000","2.590751","17.683066"
"C:\Users\Administrator\Documents\xwechat_files\wxid_ccnsk401f7tu22_5a73\msg\file\2025-11\df\corrected_voids_relax\voids-relax.35000.dump","C:\Users\Administrator\Documents\xwechat_files\wxid_ccnsk401f7tu22_5a73\msg\file\2025-11\df\voids.25000","2.269546","17.801897"
"C:\Users\Administrator\Documents\xwechat_files\wxid_ccnsk401f7tu22_5a73\msg\file\2025-11\df\corrected_voids_relax\voids-relax.36000.dump","C:\Users\Administrator\Documents\xwechat_files\wxid_ccnsk401f7tu22_5a73\msg\file\2025-11\df\voids.3","2.076351","17.410568"
"C:\Users\Administrator\Documents\xwechat_files\wxid_ccnsk401f7tu22_5a73\msg\file\2025-11\df\corrected_voids_relax\voids-relax.37000.dump","C:\Users\Administrator\Documents\xwechat_files\wxid_ccnsk401f7tu22_5a73\msg\file\2025-11\df\voids.3","2.217205","13.069424"
"C:\Users\Administrator\Documents\xwechat_files\wxid_ccnsk401f7tu22_5a73\msg\file\2025-11\df\corrected_voids_relax\voids-relax.38000.dump","C:\Users\Administrator\Documents\xwechat_files\wxid_ccnsk401f7tu22_5a73\msg\file\2025-11\df\voids.3","2.288768","17.923115"
"C:\Users\Administrator\Documents\xwechat_files\wxid_ccnsk401f7tu22_5a73\msg\file\2025-11\df\corrected_voids_relax\voids-relax.39000.dump","C:\Users\Administrator\Documents\xwechat_files\wxid_ccnsk401f7tu22_5a73\msg\file\2025-11\df\voids.3","2.170034","16.916175"
"C:\Users\Administrator\Documents\xwechat_files\wxid_ccnsk401f7tu22_5a73\msg\file\2025-11\df\corrected_voids_relax\voids-relax.4000.dump","C:\Users\Administrator\Documents\xwechat_files\wxid_ccnsk401f7tu22_5a73\msg\file\2025-11\df\voids.3","2.242944","17.967826"
"C:\Users\Administrator\Documents\xwechat_files\wxid_ccnsk401f7tu22_5a73\msg\file\2025-11\df\corrected_voids_relax\voids-relax.40000.dump","C:\Users\Administrator\Documents\xwechat_files\wxid_ccnsk401f7tu22_5a73\msg\file\2025-11\df\voids.3","1.9523","16.829535"
"C:\Users\Administrator\Documents\xwechat_files\wxid_ccnsk401f7tu22_5a73\msg\file\2025-11\df\corrected_voids_relax\voids-relax.41000.dump","C:\Users\Administrator\Documents\xwechat_files\wxid_ccnsk401f7tu22_5a73\msg\file\2025-11\df\voids.3","2.146622","16.845626"
"C:\Users\Administrator\Documents\xwechat_files\wxid_ccnsk401f7tu22_5a73\msg\file\2025-11\df\corrected_voids_relax\voids-relax.42000.dump","C:\Users\Administrator\Documents\xwechat_files\wxid_ccnsk401f7tu22_5a73\msg\file\2025-11\df\voids.3","2.183698","17.866131"
"C:\Users\Administrator\Documents\xwechat_files\wxid_ccnsk401f7tu22_5a73\msg\file\2025-11\df\corrected_voids_relax\voids-relax.43000.dump","C:\Users\Administrator\Documents\xwechat_files\wxid_ccnsk401f7tu22_5a73\msg\file\2025-11\df\voids.3","2.353426","16.786747"
"C:\Users\Administrator\Documents\xwechat_files\wxid_ccnsk401f7tu22_5a73\msg\file\2025-11\df\corrected_voids_relax\voids-relax.44000.dump","C:\Users\Administrator\Documents\xwechat_files\wxid_ccnsk401f7tu22_5a73\msg\file\2025-11\df\voids.3","2.515657","17.166579"
"C:\Users\Administrator\Documents\xwechat_files\wxid_ccnsk401f7tu22_5a73\msg\file\2025-11\df\corrected_voids_relax\voids-relax.45000.dump","C:\Users\Administrator\Documents\xwechat_files\wxid_ccnsk401f7tu22_5a73\msg\file\2025-11\df\voids.25000","2.367219","18.393099"
"C:\Users\Administrator\Documents\xwechat_files\wxid_ccnsk401f7tu22_5a73\msg\file\2025-11\df\corrected_voids_relax\voids-relax.46000.dump","C:\Users\Administrator\Documents\xwechat_files\wxid_ccnsk401f7tu22_5a73\msg\file\2025-11\df\voids.3","2.159016","18.032166"
"C:\Users\Administrator\Documents\xwechat_files\wxid_ccnsk401f7tu22_5a73\msg\file\2025-11\df\corrected_voids_relax\voids-relax.47000.dump","C:\Users\Administrator\Documents\xwechat_files\wxid_ccnsk401f7tu22_5a73\msg\file\2025-11\df\voids.25000","2.238822","17.571322"
"C:\Users\Administrator\Documents\xwechat_files\wxid_ccnsk401f7tu22_5a73\msg\file\2025-11\df\corrected_voids_relax\voids-relax.48000.dump","C:\Users\Administrator\Documents\xwechat_files\wxid_ccnsk401f7tu22_5a73\msg\file\2025-11\df\voids.3","2.149825","17.95556"
"C:\Users\Administrator\Documents\xwechat_files\wxid_ccnsk401f7tu22_5a73\msg\file\2025-11\df\corrected_voids_relax\voids-relax.49000.dump","C:\Users\Administrator\Documents\xwechat_files\wxid_ccnsk401f7tu22_5a73\msg\file\2025-11\df\voids.3","2.257709","16.88573"
"C:\Users\Administrator\Documents\xwechat_files\wxid_ccnsk401f7tu22_5a73\msg\file\2025-11\df\corrected_voids_relax\voids-relax.5000.dump","C:\Users\Administrator\Documents\xwechat_files\wxid_ccnsk401f7tu22_5a73\msg\file\2025-11\df\voids.2","2.258486","18.510165"
"C:\Users\Administrator\Documents\xwechat_files\wxid_ccnsk401f7tu22_5a73\msg\file\2025-11\df\corrected_voids_relax\voids-relax.50000.dump","C:\Users\Administrator\Documents\xwechat_files\wxid_ccnsk401f7tu22_5a73\msg\file\2025-11\df\voids.3","0","0"
"C:\Users\Administrator\Documents\xwechat_files\wxid_ccnsk401f7tu22_5a73\msg\file\2025-11\df\corrected_voids_relax\voids-relax.51000.dump","C:\Users\Administrator\Documents\xwechat_files\wxid_ccnsk401f7tu22_5a73\msg\file\2025-11\df\voids.3","2.098035","17.562232"
"C:\Users\Administrator\Documents\xwechat_files\wxid_ccnsk401f7tu22_5a73\msg\file\2025-11\df\corrected_voids_relax\voids-relax.52000.dump","C:\Users\Administrator\Documents\xwechat_files\wxid_ccnsk401f7tu22_5a73\msg\file\2025-11\df\voids.3","2.101407","16.864245"
"C:\Users\Administrator\Documents\xwechat_files\wxid_ccnsk401f7tu22_5a73\msg\file\2025-11\df\corrected_voids_relax\voids-relax.53000.dump","C:\Users\Administrator\Documents\xwechat_files\wxid_ccnsk401f7tu22_5a73\msg\file\2025-11\df\voids.3","2.354138","16.158934"
"C:\Users\Administrator\Documents\xwechat_files\wxid_ccnsk401f7tu22_5a73\msg\file\2025-11\df\corrected_voids_relax\voids-relax.54000.dump","C:\Users\Administrator\Documents\xwechat_files\wxid_ccnsk401f7tu22_5a73\msg\file\2025-11\df\voids.0","2.360872","17.087128"
"C:\Users\Administrator\Documents\xwechat_files\wxid_ccnsk401f7tu22_5a73\msg\file\2025-11\df\corrected_voids_relax\voids-relax.55000.dump","C:\Users\Administrator\Documents\xwechat_files\wxid_ccnsk401f7tu22_5a73\msg\file\2025-11\df\voids.2","2.332258","17.627036"
"C:\Users\Administrator\Documents\xwechat_files\wxid_ccnsk401f7tu22_5a73\msg\file\2025-11\df\corrected_voids_relax\voids-relax.56000.dump","C:\Users\Administrator\Documents\xwechat_files\wxid_ccnsk401f7tu22_5a73\msg\file\2025-11\df\voids.25000","2.443092","17.69554"
"C:\Users\Administrator\Documents\xwechat_files\wxid_ccnsk401f7tu22_5a73\msg\file\2025-11\df\corrected_voids_relax\voids-relax.57000.dump","C:\Users\Administrator\Documents\xwechat_files\wxid_ccnsk401f7tu22_5a73\msg\file\2025-11\df\voids.3","2.454616","16.585069"
"C:\Users\Administrator\Documents\xwechat_files\wxid_ccnsk401f7tu22_5a73\msg\file\2025-11\df\corrected_voids_relax\voids-relax.58000.dump","C:\Users\Administrator\Documents\xwechat_files\wxid_ccnsk401f7tu22_5a73\msg\file\2025-11\df\voids.3","2.364137","18.730356"
"C:\Users\Administrator\Documents\xwechat_files\wxid_ccnsk401f7tu22_5a73\msg\file\2025-11\df\corrected_voids_relax\voids-relax.59000.dump","C:\Users\Administrator\Documents\xwechat_files\wxid_ccnsk401f7tu22_5a73\msg\file\2025-11\df\voids.3","2.061593","13.680122"
"C:\Users\Administrator\Documents\xwechat_files\wxid_ccnsk401f7tu22_5a73\msg\file\2025-11\df\corrected_voids_relax\voids-relax.6000.dump","C:\Users\Administrator\Documents\xwechat_files\wxid_ccnsk401f7tu22_5a73\msg\file\2025-11\df\voids.25000","2.381191","17.399861"
"C:\Users\Administrator\Documents\xwechat_files\wxid_ccnsk401f7tu22_5a73\msg\file\2025-11\df\corrected_voids_relax\voids-relax.60000.dump","C:\Users\Administrator\Documents\xwechat_files\wxid_ccnsk401f7tu22_5a73\msg\file\2025-11\df\voids.25000","2.443365","16.967077"
"C:\Users\Administrator\Documents\xwechat_files\wxid_ccnsk401f7tu22_5a73\msg\file\2025-11\df\corrected_voids_relax\voids-relax.61000.dump","C:\Users\Administrator\Documents\xwechat_files\wxid_ccnsk401f7tu22_5a73\msg\file\2025-11\df\voids.25000","2.443448","16.047134"
"C:\Users\Administrator\Documents\xwechat_files\wxid_ccnsk401f7tu22_5a73\msg\file\2025-11\df\corrected_voids_relax\voids-relax.62000.dump","C:\Users\Administrator\Documents\xwechat_files\wxid_ccnsk401f7tu22_5a73\msg\file\2025-11\df\voids.0","2.358574","11.799374"
"C:\Users\Administrator\Documents\xwechat_files\wxid_ccnsk401f7tu22_5a73\msg\file\2025-11\df\corrected_voids_relax\voids-relax.63000.dump","C:\Users\Administrator\Documents\xwechat_files\wxid_ccnsk401f7tu22_5a73\msg\file\2025-11\df\voids.0","2.280052","13.478091"
"C:\Users\Administrator\Documents\xwechat_files\wxid_ccnsk401f7tu22_5a73\msg\file\2025-11\df\corrected_voids_relax\voids-relax.64000.dump","C:\Users\Administrator\Documents\xwechat_files\wxid_ccnsk401f7tu22_5a73\msg\file\2025-11\df\voids.0","2.394256","14.588091"
"C:\Users\Administrator\Documents\xwechat_files\wxid_ccnsk401f7tu22_5a73\msg\file\2025-11\df\corrected_voids_relax\voids-relax.65000.dump","C:\Users\Administrator\Documents\xwechat_files\wxid_ccnsk401f7tu22_5a73\msg\file\2025-11\df\voids.3","2.38363","17.230778"
"C:\Users\Administrator\Documents\xwechat_files\wxid_ccnsk401f7tu22_5a73\msg\file\2025-11\df\corrected_voids_relax\voids-relax.66000.dump","C:\Users\Administrator\Documents\xwechat_files\wxid_ccnsk401f7tu22_5a73\msg\file\2025-11\df\voids.3","2.316899","17.865084"
"C:\Users\Administrator\Documents\xwechat_files\wxid_ccnsk401f7tu22_5a73\msg\file\2025-11\df\corrected_voids_relax\voids-relax.67000.dump","C:\Users\Administrator\Documents\xwechat_files\wxid_ccnsk401f7tu22_5a73\msg\file\2025-11\df\voids.3","2.396521","17.193103"
"C:\Users\Administrator\Documents\xwechat_files\wxid_ccnsk401f7tu22_5a73\msg\file\2025-11\df\corrected_voids_relax\voids-relax.68000.dump","C:\Users\Administrator\Documents\xwechat_files\wxid_ccnsk401f7tu22_5a73\msg\file\2025-11\df\voids.1","2.546088","16.959279"
"C:\Users\Administrator\Documents\xwechat_files\wxid_ccnsk401f7tu22_5a73\msg\file\2025-11\df\corrected_voids_relax\voids-relax.69000.dump","C:\Users\Administrator\Documents\xwechat_files\wxid_ccnsk401f7tu22_5a73\msg\file\2025-11\df\voids.1","2.512087","16.588319"
"C:\Users\Administrator\Documents\xwechat_files\wxid_ccnsk401f7tu22_5a73\msg\file\2025-11\df\corrected_voids_relax\voids-relax.7000.dump","C:\Users\Administrator\Documents\xwechat_files\wxid_ccnsk401f7tu22_5a73\msg\file\2025-11\df\voids.25000","2.098104","18.16994"
"C:\Users\Administrator\Documents\xwechat_files\wxid_ccnsk401f7tu22_5a73\msg\file\2025-11\df\corrected_voids_relax\voids-relax.70000.dump","C:\Users\Administrator\Documents\xwechat_files\wxid_ccnsk401f7tu22_5a73\msg\file\2025-11\df\voids.3","2.368138","18.049093"
"C:\Users\Administrator\Documents\xwechat_files\wxid_ccnsk401f7tu22_5a73\msg\file\2025-11\df\corrected_voids_relax\voids-relax.71000.dump","C:\Users\Administrator\Documents\xwechat_files\wxid_ccnsk401f7tu22_5a73\msg\file\2025-11\df\voids.1","2.517936","13.576803"
"C:\Users\Administrator\Documents\xwechat_files\wxid_ccnsk401f7tu22_5a73\msg\file\2025-11\df\corrected_voids_relax\voids-relax.72000.dump","C:\Users\Administrator\Documents\xwechat_files\wxid_ccnsk401f7tu22_5a73\msg\file\2025-11\df\voids.1","2.526803","17.270719"
"C:\Users\Administrator\Documents\xwechat_files\wxid_ccnsk401f7tu22_5a73\msg\file\2025-11\df\corrected_voids_relax\voids-relax.73000.dump","C:\Users\Administrator\Documents\xwechat_files\wxid_ccnsk401f7tu22_5a73\msg\file\2025-11\df\voids.1","2.529991","16.689456"
"C:\Users\Administrator\Documents\xwechat_files\wxid_ccnsk401f7tu22_5a73\msg\file\2025-11\df\corrected_voids_relax\voids-relax.74000.dump","C:\Users\Administrator\Documents\xwechat_files\wxid_ccnsk401f7tu22_5a73\msg\file\2025-11\df\voids.3","2.650973","17.559903"
"C:\Users\Administrator\Documents\xwechat_files\wxid_ccnsk401f7tu22_5a73\msg\file\2025-11\df\corrected_voids_relax\voids-relax.75000.dump","C:\Users\Administrator\Documents\xwechat_files\wxid_ccnsk401f7tu22_5a73\msg\file\2025-11\df\voids.3","2.178022","17.181027"
"C:\Users\Administrator\Documents\xwechat_files\wxid_ccnsk401f7tu22_5a73\msg\file\2025-11\df\corrected_voids_relax\voids-relax.76000.dump","C:\Users\Administrator\Documents\xwechat_files\wxid_ccnsk401f7tu22_5a73\msg\file\2025-11\df\voids.3","2.568303","16.271328"
"C:\Users\Administrator\Documents\xwechat_files\wxid_ccnsk401f7tu22_5a73\msg\file\2025-11\df\corrected_voids_relax\voids-relax.77000.dump","C:\Users\Administrator\Documents\xwechat_files\wxid_ccnsk401f7tu22_5a73\msg\file\2025-11\df\voids.3","2.327275","16.805604"
"C:\Users\Administrator\Documents\xwechat_files\wxid_ccnsk401f7tu22_5a73\msg\file\2025-11\df\corrected_voids_relax\voids-relax.78000.dump","C:\Users\Administrator\Documents\xwechat_files\wxid_ccnsk401f7tu22_5a73\msg\file\2025-11\df\voids.3","2.30608","14.860526"
"C:\Users\Administrator\Documents\xwechat_files\wxid_ccnsk401f7tu22_5a73\msg\file\2025-11\df\corrected_voids_relax\voids-relax.79000.dump","C:\Users\Administrator\Documents\xwechat_files\wxid_ccnsk401f7tu22_5a73\msg\file\2025-11\df\voids.3","2.222785","18.030708"
"C:\Users\Administrator\Documents\xwechat_files\wxid_ccnsk401f7tu22_5a73\msg\file\2025-11\df\corrected_voids_relax\voids-relax.8000.dump","C:\Users\Administrator\Documents\xwechat_files\wxid_ccnsk401f7tu22_5a73\msg\file\2025-11\df\voids.25000","2.502026","18.317336"
"C:\Users\Administrator\Documents\xwechat_files\wxid_ccnsk401f7tu22_5a73\msg\file\2025-11\df\corrected_voids_relax\voids-relax.80000.dump","C:\Users\Administrator\Documents\xwechat_files\wxid_ccnsk401f7tu22_5a73\msg\file\2025-11\df\voids.2","2.511142","17.670395"
"C:\Users\Administrator\Documents\xwechat_files\wxid_ccnsk401f7tu22_5a73\msg\file\2025-11\df\corrected_voids_relax\voids-relax.81000.dump","C:\Users\Administrator\Documents\xwechat_files\wxid_ccnsk401f7tu22_5a73\msg\file\2025-11\df\voids.3","2.495846","16.517395"
"C:\Users\Administrator\Documents\xwechat_files\wxid_ccnsk401f7tu22_5a73\msg\file\2025-11\df\corrected_voids_relax\voids-relax.82000.dump","C:\Users\Administrator\Documents\xwechat_files\wxid_ccnsk401f7tu22_5a73\msg\file\2025-11\df\voids.2","2.487339","17.207574"
"C:\Users\Administrator\Documents\xwechat_files\wxid_ccnsk401f7tu22_5a73\msg\file\2025-11\df\corrected_voids_relax\voids-relax.83000.dump","C:\Users\Administrator\Documents\xwechat_files\wxid_ccnsk401f7tu22_5a73\msg\file\2025-11\df\voids.3","2.596504","17.207893"
"C:\Users\Administrator\Documents\xwechat_files\wxid_ccnsk401f7tu22_5a73\msg\file\2025-11\df\corrected_voids_relax\voids-relax.84000.dump","C:\Users\Administrator\Documents\xwechat_files\wxid_ccnsk401f7tu22_5a73\msg\file\2025-11\df\voids.3","2.427558","16.65397"
"C:\Users\Administrator\Documents\xwechat_files\wxid_ccnsk401f7tu22_5a73\msg\file\2025-11\df\corrected_voids_relax\voids-relax.85000.dump","C:\Users\Administrator\Documents\xwechat_files\wxid_ccnsk401f7tu22_5a73\msg\file\2025-11\df\voids.1","2.700185","17.027194"
"C:\Users\Administrator\Documents\xwechat_files\wxid_ccnsk401f7tu22_5a73\msg\file\2025-11\df\corrected_voids_relax\voids-relax.86000.dump","C:\Users\Administrator\Documents\xwechat_files\wxid_ccnsk401f7tu22_5a73\msg\file\2025-11\df\voids.1","2.319892","16.324804"
"C:\Users\Administrator\Documents\xwechat_files\wxid_ccnsk401f7tu22_5a73\msg\file\2025-11\df\corrected_voids_relax\voids-relax.87000.dump","C:\Users\Administrator\Documents\xwechat_files\wxid_ccnsk401f7tu22_5a73\msg\file\2025-11\df\voids.1","2.813471","16.684333"
"C:\Users\Administrator\Documents\xwechat_files\wxid_ccnsk401f7tu22_5a73\msg\file\2025-11\df\corrected_voids_relax\voids-relax.88000.dump","C:\Users\Administrator\Documents\xwechat_files\wxid_ccnsk401f7tu22_5a73\msg\file\2025-11\df\voids.1","2.451545","17.423243"
"C:\Users\Administrator\Documents\xwechat_files\wxid_ccnsk401f7tu22_5a73\msg\file\2025-11\df\corrected_voids_relax\voids-relax.89000.dump","C:\Users\Administrator\Documents\xwechat_files\wxid_ccnsk401f7tu22_5a73\msg\file\2025-11\df\voids.1","2.424838","16.143771"
"C:\Users\Administrator\Documents\xwechat_files\wxid_ccnsk401f7tu22_5a73\msg\file\2025-11\df\corrected_voids_relax\voids-relax.9000.dump","C:\Users\Administrator\Documents\xwechat_files\wxid_ccnsk401f7tu22_5a73\msg\file\2025-11\df\voids.25000","2.316632","16.717219"
"C:\Users\Administrator\Documents\xwechat_files\wxid_ccnsk401f7tu22_5a73\msg\file\2025-11\df\corrected_voids_relax\voids-relax.90000.dump","C:\Users\Administrator\Documents\xwechat_files\wxid_ccnsk401f7tu22_5a73\msg\file\2025-11\df\voids.1","2.632482","17.889363"
"C:\Users\Administrator\Documents\xwechat_files\wxid_ccnsk401f7tu22_5a73\msg\file\2025-11\df\corrected_voids_relax\voids-relax.91000.dump","C:\Users\Administrator\Documents\xwechat_files\wxid_ccnsk401f7tu22_5a73\msg\file\2025-11\df\voids.3","2.231892","14.113275"
"C:\Users\Administrator\Documents\xwechat_files\wxid_ccnsk401f7tu22_5a73\msg\file\2025-11\df\corrected_voids_relax\voids-relax.92000.dump","C:\Users\Administrator\Documents\xwechat_files\wxid_ccnsk401f7tu22_5a73\msg\file\2025-11\df\voids.1","2.40451","15.502097"
"C:\Users\Administrator\Documents\xwechat_files\wxid_ccnsk401f7tu22_5a73\msg\file\2025-11\df\corrected_voids_relax\voids-relax.93000.dump","C:\Users\Administrator\Documents\xwechat_files\wxid_ccnsk401f7tu22_5a73\msg\file\2025-11\df\voids.1","2.467876","16.517555"
"C:\Users\Administrator\Documents\xwechat_files\wxid_ccnsk401f7tu22_5a73\msg\file\2025-11\df\corrected_voids_relax\voids-relax.94000.dump","C:\Users\Administrator\Documents\xwechat_files\wxid_ccnsk401f7tu22_5a73\msg\file\2025-11\df\voids.3","2.577649","16.632866"
"C:\Users\Administrator\Documents\xwechat_files\wxid_ccnsk401f7tu22_5a73\msg\file\2025-11\df\corrected_voids_relax\voids-relax.95000.dump","C:\Users\Administrator\Documents\xwechat_files\wxid_ccnsk401f7tu22_5a73\msg\file\2025-11\df\voids.3","2.421333","17.383067"
"C:\Users\Administrator\Documents\xwechat_files\wxid_ccnsk401f7tu22_5a73\msg\file\2025-11\df\corrected_voids_relax\voids-relax.96000.dump","C:\Users\Administrator\Documents\xwechat_files\wxid_ccnsk401f7tu22_5a73\msg\file\2025-11\df\voids.2","2.399597","17.839811"
"C:\Users\Administrator\Documents\xwechat_files\wxid_ccnsk401f7tu22_5a73\msg\file\2025-11\df\corrected_voids_relax\voids-relax.97000.dump","C:\Users\Administrator\Documents\xwechat_files\wxid_ccnsk401f7tu22_5a73\msg\file\2025-11\df\voids.1","2.412213","16.388907"
"C:\Users\Administrator\Documents\xwechat_files\wxid_ccnsk401f7tu22_5a73\msg\file\2025-11\df\corrected_voids_relax\voids-relax.98000.dump","C:\Users\Administrator\Documents\xwechat_files\wxid_ccnsk401f7tu22_5a73\msg\file\2025-11\df\voids.1","2.482844","17.315542"
"C:\Users\Administrator\Documents\xwechat_files\wxid_ccnsk401f7tu22_5a73\msg\file\2025-11\df\corrected_voids_relax\voids-relax.99000.dump","C:\Users\Administrator\Documents\xwechat_files\wxid_ccnsk401f7tu22_5a73\msg\file\2025-11\df\voids.1","2.43931","16.676812"
