"Corrected","CorrectedTimestep","MatchedBy","Canonical","CanonTimestep","AvgDist","MaxDist"
"C:\Users\Administrator\Documents\xwechat_files\wxid_ccnsk401f7tu22_5a73\msg\file\2025-11\df\corrected_voids_relax\voids-relax.0.dump","0","TIMESTEP","C:\Users\Administrator\Documents\xwechat_files\wxid_ccnsk401f7tu22_5a73\msg\file\2025-11\df\voids.0","0","0","0"
"C:\Users\Administrator\Documents\xwechat_files\wxid_ccnsk401f7tu22_5a73\msg\file\2025-11\df\corrected_voids_relax\voids-relax.1000.dump","0","TIMESTEP","C:\Users\Administrator\Documents\xwechat_files\wxid_ccnsk401f7tu22_5a73\msg\file\2025-11\df\voids.0","0","0","0"
"C:\Users\Administrator\Documents\xwechat_files\wxid_ccnsk401f7tu22_5a73\msg\file\2025-11\df\corrected_voids_relax\voids-relax.10000.dump","0","TIMESTEP","C:\Users\Administrator\Documents\xwechat_files\wxid_ccnsk401f7tu22_5a73\msg\file\2025-11\df\voids.0","0","0","0"
"C:\Users\Administrator\Documents\xwechat_files\wxid_ccnsk401f7tu22_5a73\msg\file\2025-11\df\corrected_voids_relax\voids-relax.100000.dump","0","TIMESTEP","C:\Users\Administrator\Documents\xwechat_files\wxid_ccnsk401f7tu22_5a73\msg\file\2025-11\df\voids.0","0","0","0"
"C:\Users\Administrator\Documents\xwechat_files\wxid_ccnsk401f7tu22_5a73\msg\file\2025-11\df\corrected_voids_relax\voids-relax.101000.dump","0","TIMESTEP","C:\Users\Administrator\Documents\xwechat_files\wxid_ccnsk401f7tu22_5a73\msg\file\2025-11\df\voids.0","0","0","0"
"C:\Users\Administrator\Documents\xwechat_files\wxid_ccnsk401f7tu22_5a73\msg\file\2025-11\df\corrected_voids_relax\voids-relax.102000.dump","0","TIMESTEP","C:\Users\Administrator\Documents\xwechat_files\wxid_ccnsk401f7tu22_5a73\msg\file\2025-11\df\voids.0","0","0","0"
"C:\Users\Administrator\Documents\xwechat_files\wxid_ccnsk401f7tu22_5a73\msg\file\2025-11\df\corrected_voids_relax\voids-relax.103000.dump","0","TIMESTEP","C:\Users\Administrator\Documents\xwechat_files\wxid_ccnsk401f7tu22_5a73\msg\file\2025-11\df\voids.0","0","0","0"
"C:\Users\Administrator\Documents\xwechat_files\wxid_ccnsk401f7tu22_5a73\msg\file\2025-11\df\corrected_voids_relax\voids-relax.104000.dump","0","TIMESTEP","C:\Users\Administrator\Documents\xwechat_files\wxid_ccnsk401f7tu22_5a73\msg\file\2025-11\df\voids.0","0","0","0"
"C:\Users\Administrator\Documents\xwechat_files\wxid_ccnsk401f7tu22_5a73\msg\file\2025-11\df\corrected_voids_relax\voids-relax.105000.dump","0","TIMESTEP","C:\Users\Administrator\Documents\xwechat_files\wxid_ccnsk401f7tu22_5a73\msg\file\2025-11\df\voids.0","0","0","0"
"C:\Users\Administrator\Documents\xwechat_files\wxid_ccnsk401f7tu22_5a73\msg\file\2025-11\df\corrected_voids_relax\voids-relax.106000.dump","0","TIMESTEP","C:\Users\Administrator\Documents\xwechat_files\wxid_ccnsk401f7tu22_5a73\msg\file\2025-11\df\voids.0","0","0","0"
"C:\Users\Administrator\Documents\xwechat_files\wxid_ccnsk401f7tu22_5a73\msg\file\2025-11\df\corrected_voids_relax\voids-relax.107000.dump","0","TIMESTEP","C:\Users\Administrator\Documents\xwechat_files\wxid_ccnsk401f7tu22_5a73\msg\file\2025-11\df\voids.0","0","0","0"
"C:\Users\Administrator\Documents\xwechat_files\wxid_ccnsk401f7tu22_5a73\msg\file\2025-11\df\corrected_voids_relax\voids-relax.108000.dump","0","TIMESTEP","C:\Users\Administrator\Documents\xwechat_files\wxid_ccnsk401f7tu22_5a73\msg\file\2025-11\df\voids.0","0","0","0"
"C:\Users\Administrator\Documents\xwechat_files\wxid_ccnsk401f7tu22_5a73\msg\file\2025-11\df\corrected_voids_relax\voids-relax.109000.dump","0","TIMESTEP","C:\Users\Administrator\Documents\xwechat_files\wxid_ccnsk401f7tu22_5a73\msg\file\2025-11\df\voids.0","0","0","0"
"C:\Users\Administrator\Documents\xwechat_files\wxid_ccnsk401f7tu22_5a73\msg\file\2025-11\df\corrected_voids_relax\voids-relax.11000.dump","0","TIMESTEP","C:\Users\Administrator\Documents\xwechat_files\wxid_ccnsk401f7tu22_5a73\msg\file\2025-11\df\voids.0","0","0","0"
"C:\Users\Administrator\Documents\xwechat_files\wxid_ccnsk401f7tu22_5a73\msg\file\2025-11\df\corrected_voids_relax\voids-relax.110000.dump","0","TIMESTEP","C:\Users\Administrator\Documents\xwechat_files\wxid_ccnsk401f7tu22_5a73\msg\file\2025-11\df\voids.0","0","0","0"
"C:\Users\Administrator\Documents\xwechat_files\wxid_ccnsk401f7tu22_5a73\msg\file\2025-11\df\corrected_voids_relax\voids-relax.111000.dump","0","TIMESTEP","C:\Users\Administrator\Documents\xwechat_files\wxid_ccnsk401f7tu22_5a73\msg\file\2025-11\df\voids.0","0","0","0"
"C:\Users\Administrator\Documents\xwechat_files\wxid_ccnsk401f7tu22_5a73\msg\file\2025-11\df\corrected_voids_relax\voids-relax.112000.dump","0","TIMESTEP","C:\Users\Administrator\Documents\xwechat_files\wxid_ccnsk401f7tu22_5a73\msg\file\2025-11\df\voids.0","0","0","0"
"C:\Users\Administrator\Documents\xwechat_files\wxid_ccnsk401f7tu22_5a73\msg\file\2025-11\df\corrected_voids_relax\voids-relax.113000.dump","0","TIMESTEP","C:\Users\Administrator\Documents\xwechat_files\wxid_ccnsk401f7tu22_5a73\msg\file\2025-11\df\voids.0","0","0","0"
"C:\Users\Administrator\Documents\xwechat_files\wxid_ccnsk401f7tu22_5a73\msg\file\2025-11\df\corrected_voids_relax\voids-relax.114000.dump","0","TIMESTEP","C:\Users\Administrator\Documents\xwechat_files\wxid_ccnsk401f7tu22_5a73\msg\file\2025-11\df\voids.0","0","0","0"
"C:\Users\Administrator\Documents\xwechat_files\wxid_ccnsk401f7tu22_5a73\msg\file\2025-11\df\corrected_voids_relax\voids-relax.115000.dump","0","TIMESTEP","C:\Users\Administrator\Documents\xwechat_files\wxid_ccnsk401f7tu22_5a73\msg\file\2025-11\df\voids.0","0","0","0"
"C:\Users\Administrator\Documents\xwechat_files\wxid_ccnsk401f7tu22_5a73\msg\file\2025-11\df\corrected_voids_relax\voids-relax.116000.dump","0","TIMESTEP","C:\Users\Administrator\Documents\xwechat_files\wxid_ccnsk401f7tu22_5a73\msg\file\2025-11\df\voids.0","0","0","0"
"C:\Users\Administrator\Documents\xwechat_files\wxid_ccnsk401f7tu22_5a73\msg\file\2025-11\df\corrected_voids_relax\voids-relax.117000.dump","0","TIMESTEP","C:\Users\Administrator\Documents\xwechat_files\wxid_ccnsk401f7tu22_5a73\msg\file\2025-11\df\voids.0","0","0","0"
"C:\Users\Administrator\Documents\xwechat_files\wxid_ccnsk401f7tu22_5a73\msg\file\2025-11\df\corrected_voids_relax\voids-relax.118000.dump","0","TIMESTEP","C:\Users\Administrator\Documents\xwechat_files\wxid_ccnsk401f7tu22_5a73\msg\file\2025-11\df\voids.0","0","0","0"
"C:\Users\Administrator\Documents\xwechat_files\wxid_ccnsk401f7tu22_5a73\msg\file\2025-11\df\corrected_voids_relax\voids-relax.119000.dump","0","TIMESTEP","C:\Users\Administrator\Documents\xwechat_files\wxid_ccnsk401f7tu22_5a73\msg\file\2025-11\df\voids.0","0","0","0"
"C:\Users\Administrator\Documents\xwechat_files\wxid_ccnsk401f7tu22_5a73\msg\file\2025-11\df\corrected_voids_relax\voids-relax.12000.dump","0","TIMESTEP","C:\Users\Administrator\Documents\xwechat_files\wxid_ccnsk401f7tu22_5a73\msg\file\2025-11\df\voids.0","0","0","0"
"C:\Users\Administrator\Documents\xwechat_files\wxid_ccnsk401f7tu22_5a73\msg\file\2025-11\df\corrected_voids_relax\voids-relax.120000.dump","0","TIMESTEP","C:\Users\Administrator\Documents\xwechat_files\wxid_ccnsk401f7tu22_5a73\msg\file\2025-11\df\voids.0","0","0","0"
"C:\Users\Administrator\Documents\xwechat_files\wxid_ccnsk401f7tu22_5a73\msg\file\2025-11\df\corrected_voids_relax\voids-relax.121000.dump","0","TIMESTEP","C:\Users\Administrator\Documents\xwechat_files\wxid_ccnsk401f7tu22_5a73\msg\file\2025-11\df\voids.0","0","0","0"
"C:\Users\Administrator\Documents\xwechat_files\wxid_ccnsk401f7tu22_5a73\msg\file\2025-11\df\corrected_voids_relax\voids-relax.122000.dump","0","TIMESTEP","C:\Users\Administrator\Documents\xwechat_files\wxid_ccnsk401f7tu22_5a73\msg\file\2025-11\df\voids.0","0","0","0"
"C:\Users\Administrator\Documents\xwechat_files\wxid_ccnsk401f7tu22_5a73\msg\file\2025-11\df\corrected_voids_relax\voids-relax.123000.dump","0","TIMESTEP","C:\Users\Administrator\Documents\xwechat_files\wxid_ccnsk401f7tu22_5a73\msg\file\2025-11\df\voids.0","0","0","0"
"C:\Users\Administrator\Documents\xwechat_files\wxid_ccnsk401f7tu22_5a73\msg\file\2025-11\df\corrected_voids_relax\voids-relax.124000.dump","0","TIMESTEP","C:\Users\Administrator\Documents\xwechat_files\wxid_ccnsk401f7tu22_5a73\msg\file\2025-11\df\voids.0","0","0","0"
"C:\Users\Administrator\Documents\xwechat_files\wxid_ccnsk401f7tu22_5a73\msg\file\2025-11\df\corrected_voids_relax\voids-relax.125000.dump","0","TIMESTEP","C:\Users\Administrator\Documents\xwechat_files\wxid_ccnsk401f7tu22_5a73\msg\file\2025-11\df\voids.0","0","0","0"
"C:\Users\Administrator\Documents\xwechat_files\wxid_ccnsk401f7tu22_5a73\msg\file\2025-11\df\corrected_voids_relax\voids-relax.126000.dump","0","TIMESTEP","C:\Users\Administrator\Documents\xwechat_files\wxid_ccnsk401f7tu22_5a73\msg\file\2025-11\df\voids.0","0","0","0"
"C:\Users\Administrator\Documents\xwechat_files\wxid_ccnsk401f7tu22_5a73\msg\file\2025-11\df\corrected_voids_relax\voids-relax.127000.dump","0","TIMESTEP","C:\Users\Administrator\Documents\xwechat_files\wxid_ccnsk401f7tu22_5a73\msg\file\2025-11\df\voids.0","0","0","0"
"C:\Users\Administrator\Documents\xwechat_files\wxid_ccnsk401f7tu22_5a73\msg\file\2025-11\df\corrected_voids_relax\voids-relax.128000.dump","0","TIMESTEP","C:\Users\Administrator\Documents\xwechat_files\wxid_ccnsk401f7tu22_5a73\msg\file\2025-11\df\voids.0","0","0","0"
"C:\Users\Administrator\Documents\xwechat_files\wxid_ccnsk401f7tu22_5a73\msg\file\2025-11\df\corrected_voids_relax\voids-relax.129000.dump","0","TIMESTEP","C:\Users\Administrator\Documents\xwechat_files\wxid_ccnsk401f7tu22_5a73\msg\file\2025-11\df\voids.0","0","0","0"
"C:\Users\Administrator\Documents\xwechat_files\wxid_ccnsk401f7tu22_5a73\msg\file\2025-11\df\corrected_voids_relax\voids-relax.13000.dump","0","TIMESTEP","C:\Users\Administrator\Documents\xwechat_files\wxid_ccnsk401f7tu22_5a73\msg\file\2025-11\df\voids.0","0","0","0"
"C:\Users\Administrator\Documents\xwechat_files\wxid_ccnsk401f7tu22_5a73\msg\file\2025-11\df\corrected_voids_relax\voids-relax.130000.dump","0","TIMESTEP","C:\Users\Administrator\Documents\xwechat_files\wxid_ccnsk401f7tu22_5a73\msg\file\2025-11\df\voids.0","0","0","0"
"C:\Users\Administrator\Documents\xwechat_files\wxid_ccnsk401f7tu22_5a73\msg\file\2025-11\df\corrected_voids_relax\voids-relax.131000.dump","0","TIMESTEP","C:\Users\Administrator\Documents\xwechat_files\wxid_ccnsk401f7tu22_5a73\msg\file\2025-11\df\voids.0","0","0","0"
"C:\Users\Administrator\Documents\xwechat_files\wxid_ccnsk401f7tu22_5a73\msg\file\2025-11\df\corrected_voids_relax\voids-relax.132000.dump","0","TIMESTEP","C:\Users\Administrator\Documents\xwechat_files\wxid_ccnsk401f7tu22_5a73\msg\file\2025-11\df\voids.0","0","0","0"
"C:\Users\Administrator\Documents\xwechat_files\wxid_ccnsk401f7tu22_5a73\msg\file\2025-11\df\corrected_voids_relax\voids-relax.133000.dump","0","TIMESTEP","C:\Users\Administrator\Documents\xwechat_files\wxid_ccnsk401f7tu22_5a73\msg\file\2025-11\df\voids.0","0","0","0"
"C:\Users\Administrator\Documents\xwechat_files\wxid_ccnsk401f7tu22_5a73\msg\file\2025-11\df\corrected_voids_relax\voids-relax.134000.dump","0","TIMESTEP","C:\Users\Administrator\Documents\xwechat_files\wxid_ccnsk401f7tu22_5a73\msg\file\2025-11\df\voids.0","0","0","0"
"C:\Users\Administrator\Documents\xwechat_files\wxid_ccnsk401f7tu22_5a73\msg\file\2025-11\df\corrected_voids_relax\voids-relax.135000.dump","0","TIMESTEP","C:\Users\Administrator\Documents\xwechat_files\wxid_ccnsk401f7tu22_5a73\msg\file\2025-11\df\voids.0","0","0","0"
"C:\Users\Administrator\Documents\xwechat_files\wxid_ccnsk401f7tu22_5a73\msg\file\2025-11\df\corrected_voids_relax\voids-relax.136000.dump","0","TIMESTEP","C:\Users\Administrator\Documents\xwechat_files\wxid_ccnsk401f7tu22_5a73\msg\file\2025-11\df\voids.0","0","0","0"
"C:\Users\Administrator\Documents\xwechat_files\wxid_ccnsk401f7tu22_5a73\msg\file\2025-11\df\corrected_voids_relax\voids-relax.137000.dump","0","TIMESTEP","C:\Users\Administrator\Documents\xwechat_files\wxid_ccnsk401f7tu22_5a73\msg\file\2025-11\df\voids.0","0","0","0"
"C:\Users\Administrator\Documents\xwechat_files\wxid_ccnsk401f7tu22_5a73\msg\file\2025-11\df\corrected_voids_relax\voids-relax.138000.dump","0","TIMESTEP","C:\Users\Administrator\Documents\xwechat_files\wxid_ccnsk401f7tu22_5a73\msg\file\2025-11\df\voids.0","0","0","0"
"C:\Users\Administrator\Documents\xwechat_files\wxid_ccnsk401f7tu22_5a73\msg\file\2025-11\df\corrected_voids_relax\voids-relax.139000.dump","0","TIMESTEP","C:\Users\Administrator\Documents\xwechat_files\wxid_ccnsk401f7tu22_5a73\msg\file\2025-11\df\voids.0","0","0","0"
"C:\Users\Administrator\Documents\xwechat_files\wxid_ccnsk401f7tu22_5a73\msg\file\2025-11\df\corrected_voids_relax\voids-relax.14000.dump","0","TIMESTEP","C:\Users\Administrator\Documents\xwechat_files\wxid_ccnsk401f7tu22_5a73\msg\file\2025-11\df\voids.0","0","0","0"
"C:\Users\Administrator\Documents\xwechat_files\wxid_ccnsk401f7tu22_5a73\msg\file\2025-11\df\corrected_voids_relax\voids-relax.140000.dump","0","TIMESTEP","C:\Users\Administrator\Documents\xwechat_files\wxid_ccnsk401f7tu22_5a73\msg\file\2025-11\df\voids.0","0","0","0"
"C:\Users\Administrator\Documents\xwechat_files\wxid_ccnsk401f7tu22_5a73\msg\file\2025-11\df\corrected_voids_relax\voids-relax.141000.dump","0","TIMESTEP","C:\Users\Administrator\Documents\xwechat_files\wxid_ccnsk401f7tu22_5a73\msg\file\2025-11\df\voids.0","0","0","0"
"C:\Users\Administrator\Documents\xwechat_files\wxid_ccnsk401f7tu22_5a73\msg\file\2025-11\df\corrected_voids_relax\voids-relax.142000.dump","0","TIMESTEP","C:\Users\Administrator\Documents\xwechat_files\wxid_ccnsk401f7tu22_5a73\msg\file\2025-11\df\voids.0","0","0","0"
"C:\Users\Administrator\Documents\xwechat_files\wxid_ccnsk401f7tu22_5a73\msg\file\2025-11\df\corrected_voids_relax\voids-relax.143000.dump","0","TIMESTEP","C:\Users\Administrator\Documents\xwechat_files\wxid_ccnsk401f7tu22_5a73\msg\file\2025-11\df\voids.0","0","0","0"
"C:\Users\Administrator\Documents\xwechat_files\wxid_ccnsk401f7tu22_5a73\msg\file\2025-11\df\corrected_voids_relax\voids-relax.144000.dump","0","TIMESTEP","C:\Users\Administrator\Documents\xwechat_files\wxid_ccnsk401f7tu22_5a73\msg\file\2025-11\df\voids.0","0","0","0"
"C:\Users\Administrator\Documents\xwechat_files\wxid_ccnsk401f7tu22_5a73\msg\file\2025-11\df\corrected_voids_relax\voids-relax.145000.dump","0","TIMESTEP","C:\Users\Administrator\Documents\xwechat_files\wxid_ccnsk401f7tu22_5a73\msg\file\2025-11\df\voids.0","0","0","0"
"C:\Users\Administrator\Documents\xwechat_files\wxid_ccnsk401f7tu22_5a73\msg\file\2025-11\df\corrected_voids_relax\voids-relax.146000.dump","0","TIMESTEP","C:\Users\Administrator\Documents\xwechat_files\wxid_ccnsk401f7tu22_5a73\msg\file\2025-11\df\voids.0","0","0","0"
"C:\Users\Administrator\Documents\xwechat_files\wxid_ccnsk401f7tu22_5a73\msg\file\2025-11\df\corrected_voids_relax\voids-relax.147000.dump","0","TIMESTEP","C:\Users\Administrator\Documents\xwechat_files\wxid_ccnsk401f7tu22_5a73\msg\file\2025-11\df\voids.0","0","0","0"
"C:\Users\Administrator\Documents\xwechat_files\wxid_ccnsk401f7tu22_5a73\msg\file\2025-11\df\corrected_voids_relax\voids-relax.148000.dump","0","TIMESTEP","C:\Users\Administrator\Documents\xwechat_files\wxid_ccnsk401f7tu22_5a73\msg\file\2025-11\df\voids.0","0","0","0"
"C:\Users\Administrator\Documents\xwechat_files\wxid_ccnsk401f7tu22_5a73\msg\file\2025-11\df\corrected_voids_relax\voids-relax.149000.dump","0","TIMESTEP","C:\Users\Administrator\Documents\xwechat_files\wxid_ccnsk401f7tu22_5a73\msg\file\2025-11\df\voids.0","0","0","0"
"C:\Users\Administrator\Documents\xwechat_files\wxid_ccnsk401f7tu22_5a73\msg\file\2025-11\df\corrected_voids_relax\voids-relax.15000.dump","0","TIMESTEP","C:\Users\Administrator\Documents\xwechat_files\wxid_ccnsk401f7tu22_5a73\msg\file\2025-11\df\voids.0","0","0","0"
"C:\Users\Administrator\Documents\xwechat_files\wxid_ccnsk401f7tu22_5a73\msg\file\2025-11\df\corrected_voids_relax\voids-relax.150000.dump","0","TIMESTEP","C:\Users\Administrator\Documents\xwechat_files\wxid_ccnsk401f7tu22_5a73\msg\file\2025-11\df\voids.0","0","0","0"
"C:\Users\Administrator\Documents\xwechat_files\wxid_ccnsk401f7tu22_5a73\msg\file\2025-11\df\corrected_voids_relax\voids-relax.151000.dump","0","TIMESTEP","C:\Users\Administrator\Documents\xwechat_files\wxid_ccnsk401f7tu22_5a73\msg\file\2025-11\df\voids.0","0","0","0"
"C:\Users\Administrator\Documents\xwechat_files\wxid_ccnsk401f7tu22_5a73\msg\file\2025-11\df\corrected_voids_relax\voids-relax.152000.dump","0","TIMESTEP","C:\Users\Administrator\Documents\xwechat_files\wxid_ccnsk401f7tu22_5a73\msg\file\2025-11\df\voids.0","0","0","0"
"C:\Users\Administrator\Documents\xwechat_files\wxid_ccnsk401f7tu22_5a73\msg\file\2025-11\df\corrected_voids_relax\voids-relax.153000.dump","0","TIMESTEP","C:\Users\Administrator\Documents\xwechat_files\wxid_ccnsk401f7tu22_5a73\msg\file\2025-11\df\voids.0","0","0","0"
"C:\Users\Administrator\Documents\xwechat_files\wxid_ccnsk401f7tu22_5a73\msg\file\2025-11\df\corrected_voids_relax\voids-relax.154000.dump","0","TIMESTEP","C:\Users\Administrator\Documents\xwechat_files\wxid_ccnsk401f7tu22_5a73\msg\file\2025-11\df\voids.0","0","0","0"
"C:\Users\Administrator\Documents\xwechat_files\wxid_ccnsk401f7tu22_5a73\msg\file\2025-11\df\corrected_voids_relax\voids-relax.155000.dump","0","TIMESTEP","C:\Users\Administrator\Documents\xwechat_files\wxid_ccnsk401f7tu22_5a73\msg\file\2025-11\df\voids.0","0","0","0"
"C:\Users\Administrator\Documents\xwechat_files\wxid_ccnsk401f7tu22_5a73\msg\file\2025-11\df\corrected_voids_relax\voids-relax.156000.dump","0","TIMESTEP","C:\Users\Administrator\Documents\xwechat_files\wxid_ccnsk401f7tu22_5a73\msg\file\2025-11\df\voids.0","0","0","0"
"C:\Users\Administrator\Documents\xwechat_files\wxid_ccnsk401f7tu22_5a73\msg\file\2025-11\df\corrected_voids_relax\voids-relax.157000.dump","0","TIMESTEP","C:\Users\Administrator\Documents\xwechat_files\wxid_ccnsk401f7tu22_5a73\msg\file\2025-11\df\voids.0","0","0","0"
"C:\Users\Administrator\Documents\xwechat_files\wxid_ccnsk401f7tu22_5a73\msg\file\2025-11\df\corrected_voids_relax\voids-relax.158000.dump","0","TIMESTEP","C:\Users\Administrator\Documents\xwechat_files\wxid_ccnsk401f7tu22_5a73\msg\file\2025-11\df\voids.0","0","0","0"
"C:\Users\Administrator\Documents\xwechat_files\wxid_ccnsk401f7tu22_5a73\msg\file\2025-11\df\corrected_voids_relax\voids-relax.159000.dump","0","TIMESTEP","C:\Users\Administrator\Documents\xwechat_files\wxid_ccnsk401f7tu22_5a73\msg\file\2025-11\df\voids.0","0","0","0"
"C:\Users\Administrator\Documents\xwechat_files\wxid_ccnsk401f7tu22_5a73\msg\file\2025-11\df\corrected_voids_relax\voids-relax.16000.dump","0","TIMESTEP","C:\Users\Administrator\Documents\xwechat_files\wxid_ccnsk401f7tu22_5a73\msg\file\2025-11\df\voids.0","0","0","0"
"C:\Users\Administrator\Documents\xwechat_files\wxid_ccnsk401f7tu22_5a73\msg\file\2025-11\df\corrected_voids_relax\voids-relax.160000.dump","0","TIMESTEP","C:\Users\Administrator\Documents\xwechat_files\wxid_ccnsk401f7tu22_5a73\msg\file\2025-11\df\voids.0","0","0","0"
"C:\Users\Administrator\Documents\xwechat_files\wxid_ccnsk401f7tu22_5a73\msg\file\2025-11\df\corrected_voids_relax\voids-relax.161000.dump","0","TIMESTEP","C:\Users\Administrator\Documents\xwechat_files\wxid_ccnsk401f7tu22_5a73\msg\file\2025-11\df\voids.0","0","0","0"
"C:\Users\Administrator\Documents\xwechat_files\wxid_ccnsk401f7tu22_5a73\msg\file\2025-11\df\corrected_voids_relax\voids-relax.162000.dump","0","TIMESTEP","C:\Users\Administrator\Documents\xwechat_files\wxid_ccnsk401f7tu22_5a73\msg\file\2025-11\df\voids.0","0","0","0"
"C:\Users\Administrator\Documents\xwechat_files\wxid_ccnsk401f7tu22_5a73\msg\file\2025-11\df\corrected_voids_relax\voids-relax.163000.dump","0","TIMESTEP","C:\Users\Administrator\Documents\xwechat_files\wxid_ccnsk401f7tu22_5a73\msg\file\2025-11\df\voids.0","0","0","0"
"C:\Users\Administrator\Documents\xwechat_files\wxid_ccnsk401f7tu22_5a73\msg\file\2025-11\df\corrected_voids_relax\voids-relax.164000.dump","0","TIMESTEP","C:\Users\Administrator\Documents\xwechat_files\wxid_ccnsk401f7tu22_5a73\msg\file\2025-11\df\voids.0","0","0","0"
"C:\Users\Administrator\Documents\xwechat_files\wxid_ccnsk401f7tu22_5a73\msg\file\2025-11\df\corrected_voids_relax\voids-relax.165000.dump","0","TIMESTEP","C:\Users\Administrator\Documents\xwechat_files\wxid_ccnsk401f7tu22_5a73\msg\file\2025-11\df\voids.0","0","0","0"
"C:\Users\Administrator\Documents\xwechat_files\wxid_ccnsk401f7tu22_5a73\msg\file\2025-11\df\corrected_voids_relax\voids-relax.166000.dump","0","TIMESTEP","C:\Users\Administrator\Documents\xwechat_files\wxid_ccnsk401f7tu22_5a73\msg\file\2025-11\df\voids.0","0","0","0"
"C:\Users\Administrator\Documents\xwechat_files\wxid_ccnsk401f7tu22_5a73\msg\file\2025-11\df\corrected_voids_relax\voids-relax.167000.dump","0","TIMESTEP","C:\Users\Administrator\Documents\xwechat_files\wxid_ccnsk401f7tu22_5a73\msg\file\2025-11\df\voids.0","0","0","0"
"C:\Users\Administrator\Documents\xwechat_files\wxid_ccnsk401f7tu22_5a73\msg\file\2025-11\df\corrected_voids_relax\voids-relax.168000.dump","0","TIMESTEP","C:\Users\Administrator\Documents\xwechat_files\wxid_ccnsk401f7tu22_5a73\msg\file\2025-11\df\voids.0","0","0","0"
"C:\Users\Administrator\Documents\xwechat_files\wxid_ccnsk401f7tu22_5a73\msg\file\2025-11\df\corrected_voids_relax\voids-relax.169000.dump","0","TIMESTEP","C:\Users\Administrator\Documents\xwechat_files\wxid_ccnsk401f7tu22_5a73\msg\file\2025-11\df\voids.0","0","0","0"
"C:\Users\Administrator\Documents\xwechat_files\wxid_ccnsk401f7tu22_5a73\msg\file\2025-11\df\corrected_voids_relax\voids-relax.17000.dump","0","TIMESTEP","C:\Users\Administrator\Documents\xwechat_files\wxid_ccnsk401f7tu22_5a73\msg\file\2025-11\df\voids.0","0","0","0"
"C:\Users\Administrator\Documents\xwechat_files\wxid_ccnsk401f7tu22_5a73\msg\file\2025-11\df\corrected_voids_relax\voids-relax.170000.dump","0","TIMESTEP","C:\Users\Administrator\Documents\xwechat_files\wxid_ccnsk401f7tu22_5a73\msg\file\2025-11\df\voids.0","0","0","0"
"C:\Users\Administrator\Documents\xwechat_files\wxid_ccnsk401f7tu22_5a73\msg\file\2025-11\df\corrected_voids_relax\voids-relax.171000.dump","0","TIMESTEP","C:\Users\Administrator\Documents\xwechat_files\wxid_ccnsk401f7tu22_5a73\msg\file\2025-11\df\voids.0","0","0","0"
"C:\Users\Administrator\Documents\xwechat_files\wxid_ccnsk401f7tu22_5a73\msg\file\2025-11\df\corrected_voids_relax\voids-relax.172000.dump","0","TIMESTEP","C:\Users\Administrator\Documents\xwechat_files\wxid_ccnsk401f7tu22_5a73\msg\file\2025-11\df\voids.0","0","0","0"
"C:\Users\Administrator\Documents\xwechat_files\wxid_ccnsk401f7tu22_5a73\msg\file\2025-11\df\corrected_voids_relax\voids-relax.173000.dump","0","TIMESTEP","C:\Users\Administrator\Documents\xwechat_files\wxid_ccnsk401f7tu22_5a73\msg\file\2025-11\df\voids.0","0","0","0"
"C:\Users\Administrator\Documents\xwechat_files\wxid_ccnsk401f7tu22_5a73\msg\file\2025-11\df\corrected_voids_relax\voids-relax.174000.dump","0","TIMESTEP","C:\Users\Administrator\Documents\xwechat_files\wxid_ccnsk401f7tu22_5a73\msg\file\2025-11\df\voids.0","0","0","0"
"C:\Users\Administrator\Documents\xwechat_files\wxid_ccnsk401f7tu22_5a73\msg\file\2025-11\df\corrected_voids_relax\voids-relax.175000.dump","0","TIMESTEP","C:\Users\Administrator\Documents\xwechat_files\wxid_ccnsk401f7tu22_5a73\msg\file\2025-11\df\voids.0","0","0","0"
"C:\Users\Administrator\Documents\xwechat_files\wxid_ccnsk401f7tu22_5a73\msg\file\2025-11\df\corrected_voids_relax\voids-relax.176000.dump","0","TIMESTEP","C:\Users\Administrator\Documents\xwechat_files\wxid_ccnsk401f7tu22_5a73\msg\file\2025-11\df\voids.0","0","0","0"
"C:\Users\Administrator\Documents\xwechat_files\wxid_ccnsk401f7tu22_5a73\msg\file\2025-11\df\corrected_voids_relax\voids-relax.177000.dump","0","TIMESTEP","C:\Users\Administrator\Documents\xwechat_files\wxid_ccnsk401f7tu22_5a73\msg\file\2025-11\df\voids.0","0","0","0"
"C:\Users\Administrator\Documents\xwechat_files\wxid_ccnsk401f7tu22_5a73\msg\file\2025-11\df\corrected_voids_relax\voids-relax.178000.dump","0","TIMESTEP","C:\Users\Administrator\Documents\xwechat_files\wxid_ccnsk401f7tu22_5a73\msg\file\2025-11\df\voids.0","0","0","0"
"C:\Users\Administrator\Documents\xwechat_files\wxid_ccnsk401f7tu22_5a73\msg\file\2025-11\df\corrected_voids_relax\voids-relax.179000.dump","0","TIMESTEP","C:\Users\Administrator\Documents\xwechat_files\wxid_ccnsk401f7tu22_5a73\msg\file\2025-11\df\voids.0","0","0","0"
"C:\Users\Administrator\Documents\xwechat_files\wxid_ccnsk401f7tu22_5a73\msg\file\2025-11\df\corrected_voids_relax\voids-relax.18000.dump","0","TIMESTEP","C:\Users\Administrator\Documents\xwechat_files\wxid_ccnsk401f7tu22_5a73\msg\file\2025-11\df\voids.0","0","0","0"
"C:\Users\Administrator\Documents\xwechat_files\wxid_ccnsk401f7tu22_5a73\msg\file\2025-11\df\corrected_voids_relax\voids-relax.180000.dump","0","TIMESTEP","C:\Users\Administrator\Documents\xwechat_files\wxid_ccnsk401f7tu22_5a73\msg\file\2025-11\df\voids.0","0","0","0"
"C:\Users\Administrator\Documents\xwechat_files\wxid_ccnsk401f7tu22_5a73\msg\file\2025-11\df\corrected_voids_relax\voids-relax.181000.dump","0","TIMESTEP","C:\Users\Administrator\Documents\xwechat_files\wxid_ccnsk401f7tu22_5a73\msg\file\2025-11\df\voids.0","0","0","0"
"C:\Users\Administrator\Documents\xwechat_files\wxid_ccnsk401f7tu22_5a73\msg\file\2025-11\df\corrected_voids_relax\voids-relax.182000.dump","0","TIMESTEP","C:\Users\Administrator\Documents\xwechat_files\wxid_ccnsk401f7tu22_5a73\msg\file\2025-11\df\voids.0","0","0","0"
"C:\Users\Administrator\Documents\xwechat_files\wxid_ccnsk401f7tu22_5a73\msg\file\2025-11\df\corrected_voids_relax\voids-relax.183000.dump","0","TIMESTEP","C:\Users\Administrator\Documents\xwechat_files\wxid_ccnsk401f7tu22_5a73\msg\file\2025-11\df\voids.0","0","0","0"
"C:\Users\Administrator\Documents\xwechat_files\wxid_ccnsk401f7tu22_5a73\msg\file\2025-11\df\corrected_voids_relax\voids-relax.184000.dump","0","TIMESTEP","C:\Users\Administrator\Documents\xwechat_files\wxid_ccnsk401f7tu22_5a73\msg\file\2025-11\df\voids.0","0","0","0"
"C:\Users\Administrator\Documents\xwechat_files\wxid_ccnsk401f7tu22_5a73\msg\file\2025-11\df\corrected_voids_relax\voids-relax.185000.dump","0","TIMESTEP","C:\Users\Administrator\Documents\xwechat_files\wxid_ccnsk401f7tu22_5a73\msg\file\2025-11\df\voids.0","0","0","0"
"C:\Users\Administrator\Documents\xwechat_files\wxid_ccnsk401f7tu22_5a73\msg\file\2025-11\df\corrected_voids_relax\voids-relax.186000.dump","0","TIMESTEP","C:\Users\Administrator\Documents\xwechat_files\wxid_ccnsk401f7tu22_5a73\msg\file\2025-11\df\voids.0","0","0","0"
"C:\Users\Administrator\Documents\xwechat_files\wxid_ccnsk401f7tu22_5a73\msg\file\2025-11\df\corrected_voids_relax\voids-relax.187000.dump","0","TIMESTEP","C:\Users\Administrator\Documents\xwechat_files\wxid_ccnsk401f7tu22_5a73\msg\file\2025-11\df\voids.0","0","0","0"
"C:\Users\Administrator\Documents\xwechat_files\wxid_ccnsk401f7tu22_5a73\msg\file\2025-11\df\corrected_voids_relax\voids-relax.188000.dump","0","TIMESTEP","C:\Users\Administrator\Documents\xwechat_files\wxid_ccnsk401f7tu22_5a73\msg\file\2025-11\df\voids.0","0","0","0"
"C:\Users\Administrator\Documents\xwechat_files\wxid_ccnsk401f7tu22_5a73\msg\file\2025-11\df\corrected_voids_relax\voids-relax.189000.dump","0","TIMESTEP","C:\Users\Administrator\Documents\xwechat_files\wxid_ccnsk401f7tu22_5a73\msg\file\2025-11\df\voids.0","0","0","0"
"C:\Users\Administrator\Documents\xwechat_files\wxid_ccnsk401f7tu22_5a73\msg\file\2025-11\df\corrected_voids_relax\voids-relax.19000.dump","0","TIMESTEP","C:\Users\Administrator\Documents\xwechat_files\wxid_ccnsk401f7tu22_5a73\msg\file\2025-11\df\voids.0","0","0","0"
"C:\Users\Administrator\Documents\xwechat_files\wxid_ccnsk401f7tu22_5a73\msg\file\2025-11\df\corrected_voids_relax\voids-relax.190000.dump","0","TIMESTEP","C:\Users\Administrator\Documents\xwechat_files\wxid_ccnsk401f7tu22_5a73\msg\file\2025-11\df\voids.0","0","0","0"
"C:\Users\Administrator\Documents\xwechat_files\wxid_ccnsk401f7tu22_5a73\msg\file\2025-11\df\corrected_voids_relax\voids-relax.191000.dump","0","TIMESTEP","C:\Users\Administrator\Documents\xwechat_files\wxid_ccnsk401f7tu22_5a73\msg\file\2025-11\df\voids.0","0","0","0"
"C:\Users\Administrator\Documents\xwechat_files\wxid_ccnsk401f7tu22_5a73\msg\file\2025-11\df\corrected_voids_relax\voids-relax.192000.dump","0","TIMESTEP","C:\Users\Administrator\Documents\xwechat_files\wxid_ccnsk401f7tu22_5a73\msg\file\2025-11\df\voids.0","0","0","0"
"C:\Users\Administrator\Documents\xwechat_files\wxid_ccnsk401f7tu22_5a73\msg\file\2025-11\df\corrected_voids_relax\voids-relax.193000.dump","0","TIMESTEP","C:\Users\Administrator\Documents\xwechat_files\wxid_ccnsk401f7tu22_5a73\msg\file\2025-11\df\voids.0","0","0","0"
"C:\Users\Administrator\Documents\xwechat_files\wxid_ccnsk401f7tu22_5a73\msg\file\2025-11\df\corrected_voids_relax\voids-relax.194000.dump","0","TIMESTEP","C:\Users\Administrator\Documents\xwechat_files\wxid_ccnsk401f7tu22_5a73\msg\file\2025-11\df\voids.0","0","0","0"
"C:\Users\Administrator\Documents\xwechat_files\wxid_ccnsk401f7tu22_5a73\msg\file\2025-11\df\corrected_voids_relax\voids-relax.195000.dump","0","TIMESTEP","C:\Users\Administrator\Documents\xwechat_files\wxid_ccnsk401f7tu22_5a73\msg\file\2025-11\df\voids.0","0","0","0"
"C:\Users\Administrator\Documents\xwechat_files\wxid_ccnsk401f7tu22_5a73\msg\file\2025-11\df\corrected_voids_relax\voids-relax.196000.dump","0","TIMESTEP","C:\Users\Administrator\Documents\xwechat_files\wxid_ccnsk401f7tu22_5a73\msg\file\2025-11\df\voids.0","0","0","0"
"C:\Users\Administrator\Documents\xwechat_files\wxid_ccnsk401f7tu22_5a73\msg\file\2025-11\df\corrected_voids_relax\voids-relax.197000.dump","0","TIMESTEP","C:\Users\Administrator\Documents\xwechat_files\wxid_ccnsk401f7tu22_5a73\msg\file\2025-11\df\voids.0","0","0","0"
"C:\Users\Administrator\Documents\xwechat_files\wxid_ccnsk401f7tu22_5a73\msg\file\2025-11\df\corrected_voids_relax\voids-relax.198000.dump","0","TIMESTEP","C:\Users\Administrator\Documents\xwechat_files\wxid_ccnsk401f7tu22_5a73\msg\file\2025-11\df\voids.0","0","0","0"
"C:\Users\Administrator\Documents\xwechat_files\wxid_ccnsk401f7tu22_5a73\msg\file\2025-11\df\corrected_voids_relax\voids-relax.199000.dump","0","TIMESTEP","C:\Users\Administrator\Documents\xwechat_files\wxid_ccnsk401f7tu22_5a73\msg\file\2025-11\df\voids.0","0","0","0"
"C:\Users\Administrator\Documents\xwechat_files\wxid_ccnsk401f7tu22_5a73\msg\file\2025-11\df\corrected_voids_relax\voids-relax.2000.dump","0","TIMESTEP","C:\Users\Administrator\Documents\xwechat_files\wxid_ccnsk401f7tu22_5a73\msg\file\2025-11\df\voids.0","0","0","0"
"C:\Users\Administrator\Documents\xwechat_files\wxid_ccnsk401f7tu22_5a73\msg\file\2025-11\df\corrected_voids_relax\voids-relax.20000.dump","0","TIMESTEP","C:\Users\Administrator\Documents\xwechat_files\wxid_ccnsk401f7tu22_5a73\msg\file\2025-11\df\voids.0","0","0","0"
"C:\Users\Administrator\Documents\xwechat_files\wxid_ccnsk401f7tu22_5a73\msg\file\2025-11\df\corrected_voids_relax\voids-relax.21000.dump","0","TIMESTEP","C:\Users\Administrator\Documents\xwechat_files\wxid_ccnsk401f7tu22_5a73\msg\file\2025-11\df\voids.0","0","0","0"
"C:\Users\Administrator\Documents\xwechat_files\wxid_ccnsk401f7tu22_5a73\msg\file\2025-11\df\corrected_voids_relax\voids-relax.22000.dump","0","TIMESTEP","C:\Users\Administrator\Documents\xwechat_files\wxid_ccnsk401f7tu22_5a73\msg\file\2025-11\df\voids.0","0","0","0"
"C:\Users\Administrator\Documents\xwechat_files\wxid_ccnsk401f7tu22_5a73\msg\file\2025-11\df\corrected_voids_relax\voids-relax.23000.dump","0","TIMESTEP","C:\Users\Administrator\Documents\xwechat_files\wxid_ccnsk401f7tu22_5a73\msg\file\2025-11\df\voids.0","0","0","0"
"C:\Users\Administrator\Documents\xwechat_files\wxid_ccnsk401f7tu22_5a73\msg\file\2025-11\df\corrected_voids_relax\voids-relax.24000.dump","0","TIMESTEP","C:\Users\Administrator\Documents\xwechat_files\wxid_ccnsk401f7tu22_5a73\msg\file\2025-11\df\voids.0","0","0","0"
"C:\Users\Administrator\Documents\xwechat_files\wxid_ccnsk401f7tu22_5a73\msg\file\2025-11\df\corrected_voids_relax\voids-relax.25000.dump","0","TIMESTEP","C:\Users\Administrator\Documents\xwechat_files\wxid_ccnsk401f7tu22_5a73\msg\file\2025-11\df\voids.0","0","0","0"
"C:\Users\Administrator\Documents\xwechat_files\wxid_ccnsk401f7tu22_5a73\msg\file\2025-11\df\corrected_voids_relax\voids-relax.26000.dump","0","TIMESTEP","C:\Users\Administrator\Documents\xwechat_files\wxid_ccnsk401f7tu22_5a73\msg\file\2025-11\df\voids.0","0","0","0"
"C:\Users\Administrator\Documents\xwechat_files\wxid_ccnsk401f7tu22_5a73\msg\file\2025-11\df\corrected_voids_relax\voids-relax.27000.dump","0","TIMESTEP","C:\Users\Administrator\Documents\xwechat_files\wxid_ccnsk401f7tu22_5a73\msg\file\2025-11\df\voids.0","0","0","0"
"C:\Users\Administrator\Documents\xwechat_files\wxid_ccnsk401f7tu22_5a73\msg\file\2025-11\df\corrected_voids_relax\voids-relax.28000.dump","0","TIMESTEP","C:\Users\Administrator\Documents\xwechat_files\wxid_ccnsk401f7tu22_5a73\msg\file\2025-11\df\voids.0","0","0","0"
"C:\Users\Administrator\Documents\xwechat_files\wxid_ccnsk401f7tu22_5a73\msg\file\2025-11\df\corrected_voids_relax\voids-relax.29000.dump","0","TIMESTEP","C:\Users\Administrator\Documents\xwechat_files\wxid_ccnsk401f7tu22_5a73\msg\file\2025-11\df\voids.0","0","0","0"
"C:\Users\Administrator\Documents\xwechat_files\wxid_ccnsk401f7tu22_5a73\msg\file\2025-11\df\corrected_voids_relax\voids-relax.3000.dump","0","TIMESTEP","C:\Users\Administrator\Documents\xwechat_files\wxid_ccnsk401f7tu22_5a73\msg\file\2025-11\df\voids.0","0","0","0"
"C:\Users\Administrator\Documents\xwechat_files\wxid_ccnsk401f7tu22_5a73\msg\file\2025-11\df\corrected_voids_relax\voids-relax.30000.dump","0","TIMESTEP","C:\Users\Administrator\Documents\xwechat_files\wxid_ccnsk401f7tu22_5a73\msg\file\2025-11\df\voids.0","0","0","0"
"C:\Users\Administrator\Documents\xwechat_files\wxid_ccnsk401f7tu22_5a73\msg\file\2025-11\df\corrected_voids_relax\voids-relax.31000.dump","0","TIMESTEP","C:\Users\Administrator\Documents\xwechat_files\wxid_ccnsk401f7tu22_5a73\msg\file\2025-11\df\voids.0","0","0","0"
"C:\Users\Administrator\Documents\xwechat_files\wxid_ccnsk401f7tu22_5a73\msg\file\2025-11\df\corrected_voids_relax\voids-relax.32000.dump","0","TIMESTEP","C:\Users\Administrator\Documents\xwechat_files\wxid_ccnsk401f7tu22_5a73\msg\file\2025-11\df\voids.0","0","0","0"
"C:\Users\Administrator\Documents\xwechat_files\wxid_ccnsk401f7tu22_5a73\msg\file\2025-11\df\corrected_voids_relax\voids-relax.33000.dump","0","TIMESTEP","C:\Users\Administrator\Documents\xwechat_files\wxid_ccnsk401f7tu22_5a73\msg\file\2025-11\df\voids.0","0","0","0"
"C:\Users\Administrator\Documents\xwechat_files\wxid_ccnsk401f7tu22_5a73\msg\file\2025-11\df\corrected_voids_relax\voids-relax.34000.dump","0","TIMESTEP","C:\Users\Administrator\Documents\xwechat_files\wxid_ccnsk401f7tu22_5a73\msg\file\2025-11\df\voids.0","0","0","0"
"C:\Users\Administrator\Documents\xwechat_files\wxid_ccnsk401f7tu22_5a73\msg\file\2025-11\df\corrected_voids_relax\voids-relax.35000.dump","0","TIMESTEP","C:\Users\Administrator\Documents\xwechat_files\wxid_ccnsk401f7tu22_5a73\msg\file\2025-11\df\voids.0","0","0","0"
"C:\Users\Administrator\Documents\xwechat_files\wxid_ccnsk401f7tu22_5a73\msg\file\2025-11\df\corrected_voids_relax\voids-relax.36000.dump","0","TIMESTEP","C:\Users\Administrator\Documents\xwechat_files\wxid_ccnsk401f7tu22_5a73\msg\file\2025-11\df\voids.0","0","0","0"
"C:\Users\Administrator\Documents\xwechat_files\wxid_ccnsk401f7tu22_5a73\msg\file\2025-11\df\corrected_voids_relax\voids-relax.37000.dump","0","TIMESTEP","C:\Users\Administrator\Documents\xwechat_files\wxid_ccnsk401f7tu22_5a73\msg\file\2025-11\df\voids.0","0","0","0"
"C:\Users\Administrator\Documents\xwechat_files\wxid_ccnsk401f7tu22_5a73\msg\file\2025-11\df\corrected_voids_relax\voids-relax.38000.dump","0","TIMESTEP","C:\Users\Administrator\Documents\xwechat_files\wxid_ccnsk401f7tu22_5a73\msg\file\2025-11\df\voids.0","0","0","0"
"C:\Users\Administrator\Documents\xwechat_files\wxid_ccnsk401f7tu22_5a73\msg\file\2025-11\df\corrected_voids_relax\voids-relax.39000.dump","0","TIMESTEP","C:\Users\Administrator\Documents\xwechat_files\wxid_ccnsk401f7tu22_5a73\msg\file\2025-11\df\voids.0","0","0","0"
"C:\Users\Administrator\Documents\xwechat_files\wxid_ccnsk401f7tu22_5a73\msg\file\2025-11\df\corrected_voids_relax\voids-relax.4000.dump","0","TIMESTEP","C:\Users\Administrator\Documents\xwechat_files\wxid_ccnsk401f7tu22_5a73\msg\file\2025-11\df\voids.0","0","0","0"
"C:\Users\Administrator\Documents\xwechat_files\wxid_ccnsk401f7tu22_5a73\msg\file\2025-11\df\corrected_voids_relax\voids-relax.40000.dump","0","TIMESTEP","C:\Users\Administrator\Documents\xwechat_files\wxid_ccnsk401f7tu22_5a73\msg\file\2025-11\df\voids.0","0","0","0"
"C:\Users\Administrator\Documents\xwechat_files\wxid_ccnsk401f7tu22_5a73\msg\file\2025-11\df\corrected_voids_relax\voids-relax.41000.dump","0","TIMESTEP","C:\Users\Administrator\Documents\xwechat_files\wxid_ccnsk401f7tu22_5a73\msg\file\2025-11\df\voids.0","0","0","0"
"C:\Users\Administrator\Documents\xwechat_files\wxid_ccnsk401f7tu22_5a73\msg\file\2025-11\df\corrected_voids_relax\voids-relax.42000.dump","0","TIMESTEP","C:\Users\Administrator\Documents\xwechat_files\wxid_ccnsk401f7tu22_5a73\msg\file\2025-11\df\voids.0","0","0","0"
"C:\Users\Administrator\Documents\xwechat_files\wxid_ccnsk401f7tu22_5a73\msg\file\2025-11\df\corrected_voids_relax\voids-relax.43000.dump","0","TIMESTEP","C:\Users\Administrator\Documents\xwechat_files\wxid_ccnsk401f7tu22_5a73\msg\file\2025-11\df\voids.0","0","0","0"
"C:\Users\Administrator\Documents\xwechat_files\wxid_ccnsk401f7tu22_5a73\msg\file\2025-11\df\corrected_voids_relax\voids-relax.44000.dump","0","TIMESTEP","C:\Users\Administrator\Documents\xwechat_files\wxid_ccnsk401f7tu22_5a73\msg\file\2025-11\df\voids.0","0","0","0"
"C:\Users\Administrator\Documents\xwechat_files\wxid_ccnsk401f7tu22_5a73\msg\file\2025-11\df\corrected_voids_relax\voids-relax.45000.dump","0","TIMESTEP","C:\Users\Administrator\Documents\xwechat_files\wxid_ccnsk401f7tu22_5a73\msg\file\2025-11\df\voids.0","0","0","0"
"C:\Users\Administrator\Documents\xwechat_files\wxid_ccnsk401f7tu22_5a73\msg\file\2025-11\df\corrected_voids_relax\voids-relax.46000.dump","0","TIMESTEP","C:\Users\Administrator\Documents\xwechat_files\wxid_ccnsk401f7tu22_5a73\msg\file\2025-11\df\voids.0","0","0","0"
"C:\Users\Administrator\Documents\xwechat_files\wxid_ccnsk401f7tu22_5a73\msg\file\2025-11\df\corrected_voids_relax\voids-relax.47000.dump","0","TIMESTEP","C:\Users\Administrator\Documents\xwechat_files\wxid_ccnsk401f7tu22_5a73\msg\file\2025-11\df\voids.0","0","0","0"
"C:\Users\Administrator\Documents\xwechat_files\wxid_ccnsk401f7tu22_5a73\msg\file\2025-11\df\corrected_voids_relax\voids-relax.48000.dump","0","TIMESTEP","C:\Users\Administrator\Documents\xwechat_files\wxid_ccnsk401f7tu22_5a73\msg\file\2025-11\df\voids.0","0","0","0"
"C:\Users\Administrator\Documents\xwechat_files\wxid_ccnsk401f7tu22_5a73\msg\file\2025-11\df\corrected_voids_relax\voids-relax.49000.dump","0","TIMESTEP","C:\Users\Administrator\Documents\xwechat_files\wxid_ccnsk401f7tu22_5a73\msg\file\2025-11\df\voids.0","0","0","0"
"C:\Users\Administrator\Documents\xwechat_files\wxid_ccnsk401f7tu22_5a73\msg\file\2025-11\df\corrected_voids_relax\voids-relax.5000.dump","0","TIMESTEP","C:\Users\Administrator\Documents\xwechat_files\wxid_ccnsk401f7tu22_5a73\msg\file\2025-11\df\voids.0","0","0","0"
"C:\Users\Administrator\Documents\xwechat_files\wxid_ccnsk401f7tu22_5a73\msg\file\2025-11\df\corrected_voids_relax\voids-relax.50000.dump","0","TIMESTEP","C:\Users\Administrator\Documents\xwechat_files\wxid_ccnsk401f7tu22_5a73\msg\file\2025-11\df\voids.0","0","0","0"
"C:\Users\Administrator\Documents\xwechat_files\wxid_ccnsk401f7tu22_5a73\msg\file\2025-11\df\corrected_voids_relax\voids-relax.51000.dump","0","TIMESTEP","C:\Users\Administrator\Documents\xwechat_files\wxid_ccnsk401f7tu22_5a73\msg\file\2025-11\df\voids.0","0","0","0"
"C:\Users\Administrator\Documents\xwechat_files\wxid_ccnsk401f7tu22_5a73\msg\file\2025-11\df\corrected_voids_relax\voids-relax.52000.dump","0","TIMESTEP","C:\Users\Administrator\Documents\xwechat_files\wxid_ccnsk401f7tu22_5a73\msg\file\2025-11\df\voids.0","0","0","0"
"C:\Users\Administrator\Documents\xwechat_files\wxid_ccnsk401f7tu22_5a73\msg\file\2025-11\df\corrected_voids_relax\voids-relax.53000.dump","0","TIMESTEP","C:\Users\Administrator\Documents\xwechat_files\wxid_ccnsk401f7tu22_5a73\msg\file\2025-11\df\voids.0","0","0","0"
"C:\Users\Administrator\Documents\xwechat_files\wxid_ccnsk401f7tu22_5a73\msg\file\2025-11\df\corrected_voids_relax\voids-relax.54000.dump","0","TIMESTEP","C:\Users\Administrator\Documents\xwechat_files\wxid_ccnsk401f7tu22_5a73\msg\file\2025-11\df\voids.0","0","0","0"
"C:\Users\Administrator\Documents\xwechat_files\wxid_ccnsk401f7tu22_5a73\msg\file\2025-11\df\corrected_voids_relax\voids-relax.55000.dump","0","TIMESTEP","C:\Users\Administrator\Documents\xwechat_files\wxid_ccnsk401f7tu22_5a73\msg\file\2025-11\df\voids.0","0","0","0"
"C:\Users\Administrator\Documents\xwechat_files\wxid_ccnsk401f7tu22_5a73\msg\file\2025-11\df\corrected_voids_relax\voids-relax.56000.dump","0","TIMESTEP","C:\Users\Administrator\Documents\xwechat_files\wxid_ccnsk401f7tu22_5a73\msg\file\2025-11\df\voids.0","0","0","0"
"C:\Users\Administrator\Documents\xwechat_files\wxid_ccnsk401f7tu22_5a73\msg\file\2025-11\df\corrected_voids_relax\voids-relax.57000.dump","0","TIMESTEP","C:\Users\Administrator\Documents\xwechat_files\wxid_ccnsk401f7tu22_5a73\msg\file\2025-11\df\voids.0","0","0","0"
"C:\Users\Administrator\Documents\xwechat_files\wxid_ccnsk401f7tu22_5a73\msg\file\2025-11\df\corrected_voids_relax\voids-relax.58000.dump","0","TIMESTEP","C:\Users\Administrator\Documents\xwechat_files\wxid_ccnsk401f7tu22_5a73\msg\file\2025-11\df\voids.0","0","0","0"
"C:\Users\Administrator\Documents\xwechat_files\wxid_ccnsk401f7tu22_5a73\msg\file\2025-11\df\corrected_voids_relax\voids-relax.59000.dump","0","TIMESTEP","C:\Users\Administrator\Documents\xwechat_files\wxid_ccnsk401f7tu22_5a73\msg\file\2025-11\df\voids.0","0","0","0"
"C:\Users\Administrator\Documents\xwechat_files\wxid_ccnsk401f7tu22_5a73\msg\file\2025-11\df\corrected_voids_relax\voids-relax.6000.dump","0","TIMESTEP","C:\Users\Administrator\Documents\xwechat_files\wxid_ccnsk401f7tu22_5a73\msg\file\2025-11\df\voids.0","0","0","0"
"C:\Users\Administrator\Documents\xwechat_files\wxid_ccnsk401f7tu22_5a73\msg\file\2025-11\df\corrected_voids_relax\voids-relax.60000.dump","0","TIMESTEP","C:\Users\Administrator\Documents\xwechat_files\wxid_ccnsk401f7tu22_5a73\msg\file\2025-11\df\voids.0","0","0","0"
"C:\Users\Administrator\Documents\xwechat_files\wxid_ccnsk401f7tu22_5a73\msg\file\2025-11\df\corrected_voids_relax\voids-relax.61000.dump","0","TIMESTEP","C:\Users\Administrator\Documents\xwechat_files\wxid_ccnsk401f7tu22_5a73\msg\file\2025-11\df\voids.0","0","0","0"
"C:\Users\Administrator\Documents\xwechat_files\wxid_ccnsk401f7tu22_5a73\msg\file\2025-11\df\corrected_voids_relax\voids-relax.62000.dump","0","TIMESTEP","C:\Users\Administrator\Documents\xwechat_files\wxid_ccnsk401f7tu22_5a73\msg\file\2025-11\df\voids.0","0","0","0"
"C:\Users\Administrator\Documents\xwechat_files\wxid_ccnsk401f7tu22_5a73\msg\file\2025-11\df\corrected_voids_relax\voids-relax.63000.dump","0","TIMESTEP","C:\Users\Administrator\Documents\xwechat_files\wxid_ccnsk401f7tu22_5a73\msg\file\2025-11\df\voids.0","0","0","0"
"C:\Users\Administrator\Documents\xwechat_files\wxid_ccnsk401f7tu22_5a73\msg\file\2025-11\df\corrected_voids_relax\voids-relax.64000.dump","0","TIMESTEP","C:\Users\Administrator\Documents\xwechat_files\wxid_ccnsk401f7tu22_5a73\msg\file\2025-11\df\voids.0","0","0","0"
"C:\Users\Administrator\Documents\xwechat_files\wxid_ccnsk401f7tu22_5a73\msg\file\2025-11\df\corrected_voids_relax\voids-relax.65000.dump","0","TIMESTEP","C:\Users\Administrator\Documents\xwechat_files\wxid_ccnsk401f7tu22_5a73\msg\file\2025-11\df\voids.0","0","0","0"
"C:\Users\Administrator\Documents\xwechat_files\wxid_ccnsk401f7tu22_5a73\msg\file\2025-11\df\corrected_voids_relax\voids-relax.66000.dump","0","TIMESTEP","C:\Users\Administrator\Documents\xwechat_files\wxid_ccnsk401f7tu22_5a73\msg\file\2025-11\df\voids.0","0","0","0"
"C:\Users\Administrator\Documents\xwechat_files\wxid_ccnsk401f7tu22_5a73\msg\file\2025-11\df\corrected_voids_relax\voids-relax.67000.dump","0","TIMESTEP","C:\Users\Administrator\Documents\xwechat_files\wxid_ccnsk401f7tu22_5a73\msg\file\2025-11\df\voids.0","0","0","0"
"C:\Users\Administrator\Documents\xwechat_files\wxid_ccnsk401f7tu22_5a73\msg\file\2025-11\df\corrected_voids_relax\voids-relax.68000.dump","0","TIMESTEP","C:\Users\Administrator\Documents\xwechat_files\wxid_ccnsk401f7tu22_5a73\msg\file\2025-11\df\voids.0","0","0","0"
"C:\Users\Administrator\Documents\xwechat_files\wxid_ccnsk401f7tu22_5a73\msg\file\2025-11\df\corrected_voids_relax\voids-relax.69000.dump","0","TIMESTEP","C:\Users\Administrator\Documents\xwechat_files\wxid_ccnsk401f7tu22_5a73\msg\file\2025-11\df\voids.0","0","0","0"
"C:\Users\Administrator\Documents\xwechat_files\wxid_ccnsk401f7tu22_5a73\msg\file\2025-11\df\corrected_voids_relax\voids-relax.7000.dump","0","TIMESTEP","C:\Users\Administrator\Documents\xwechat_files\wxid_ccnsk401f7tu22_5a73\msg\file\2025-11\df\voids.0","0","0","0"
"C:\Users\Administrator\Documents\xwechat_files\wxid_ccnsk401f7tu22_5a73\msg\file\2025-11\df\corrected_voids_relax\voids-relax.70000.dump","0","TIMESTEP","C:\Users\Administrator\Documents\xwechat_files\wxid_ccnsk401f7tu22_5a73\msg\file\2025-11\df\voids.0","0","0","0"
"C:\Users\Administrator\Documents\xwechat_files\wxid_ccnsk401f7tu22_5a73\msg\file\2025-11\df\corrected_voids_relax\voids-relax.71000.dump","0","TIMESTEP","C:\Users\Administrator\Documents\xwechat_files\wxid_ccnsk401f7tu22_5a73\msg\file\2025-11\df\voids.0","0","0","0"
"C:\Users\Administrator\Documents\xwechat_files\wxid_ccnsk401f7tu22_5a73\msg\file\2025-11\df\corrected_voids_relax\voids-relax.72000.dump","0","TIMESTEP","C:\Users\Administrator\Documents\xwechat_files\wxid_ccnsk401f7tu22_5a73\msg\file\2025-11\df\voids.0","0","0","0"
"C:\Users\Administrator\Documents\xwechat_files\wxid_ccnsk401f7tu22_5a73\msg\file\2025-11\df\corrected_voids_relax\voids-relax.73000.dump","0","TIMESTEP","C:\Users\Administrator\Documents\xwechat_files\wxid_ccnsk401f7tu22_5a73\msg\file\2025-11\df\voids.0","0","0","0"
"C:\Users\Administrator\Documents\xwechat_files\wxid_ccnsk401f7tu22_5a73\msg\file\2025-11\df\corrected_voids_relax\voids-relax.74000.dump","0","TIMESTEP","C:\Users\Administrator\Documents\xwechat_files\wxid_ccnsk401f7tu22_5a73\msg\file\2025-11\df\voids.0","0","0","0"
"C:\Users\Administrator\Documents\xwechat_files\wxid_ccnsk401f7tu22_5a73\msg\file\2025-11\df\corrected_voids_relax\voids-relax.75000.dump","0","TIMESTEP","C:\Users\Administrator\Documents\xwechat_files\wxid_ccnsk401f7tu22_5a73\msg\file\2025-11\df\voids.0","0","0","0"
"C:\Users\Administrator\Documents\xwechat_files\wxid_ccnsk401f7tu22_5a73\msg\file\2025-11\df\corrected_voids_relax\voids-relax.76000.dump","0","TIMESTEP","C:\Users\Administrator\Documents\xwechat_files\wxid_ccnsk401f7tu22_5a73\msg\file\2025-11\df\voids.0","0","0","0"
"C:\Users\Administrator\Documents\xwechat_files\wxid_ccnsk401f7tu22_5a73\msg\file\2025-11\df\corrected_voids_relax\voids-relax.77000.dump","0","TIMESTEP","C:\Users\Administrator\Documents\xwechat_files\wxid_ccnsk401f7tu22_5a73\msg\file\2025-11\df\voids.0","0","0","0"
"C:\Users\Administrator\Documents\xwechat_files\wxid_ccnsk401f7tu22_5a73\msg\file\2025-11\df\corrected_voids_relax\voids-relax.78000.dump","0","TIMESTEP","C:\Users\Administrator\Documents\xwechat_files\wxid_ccnsk401f7tu22_5a73\msg\file\2025-11\df\voids.0","0","0","0"
"C:\Users\Administrator\Documents\xwechat_files\wxid_ccnsk401f7tu22_5a73\msg\file\2025-11\df\corrected_voids_relax\voids-relax.79000.dump","0","TIMESTEP","C:\Users\Administrator\Documents\xwechat_files\wxid_ccnsk401f7tu22_5a73\msg\file\2025-11\df\voids.0","0","0","0"
"C:\Users\Administrator\Documents\xwechat_files\wxid_ccnsk401f7tu22_5a73\msg\file\2025-11\df\corrected_voids_relax\voids-relax.8000.dump","0","TIMESTEP","C:\Users\Administrator\Documents\xwechat_files\wxid_ccnsk401f7tu22_5a73\msg\file\2025-11\df\voids.0","0","0","0"
"C:\Users\Administrator\Documents\xwechat_files\wxid_ccnsk401f7tu22_5a73\msg\file\2025-11\df\corrected_voids_relax\voids-relax.80000.dump","0","TIMESTEP","C:\Users\Administrator\Documents\xwechat_files\wxid_ccnsk401f7tu22_5a73\msg\file\2025-11\df\voids.0","0","0","0"
"C:\Users\Administrator\Documents\xwechat_files\wxid_ccnsk401f7tu22_5a73\msg\file\2025-11\df\corrected_voids_relax\voids-relax.81000.dump","0","TIMESTEP","C:\Users\Administrator\Documents\xwechat_files\wxid_ccnsk401f7tu22_5a73\msg\file\2025-11\df\voids.0","0","0","0"
"C:\Users\Administrator\Documents\xwechat_files\wxid_ccnsk401f7tu22_5a73\msg\file\2025-11\df\corrected_voids_relax\voids-relax.82000.dump","0","TIMESTEP","C:\Users\Administrator\Documents\xwechat_files\wxid_ccnsk401f7tu22_5a73\msg\file\2025-11\df\voids.0","0","0","0"
"C:\Users\Administrator\Documents\xwechat_files\wxid_ccnsk401f7tu22_5a73\msg\file\2025-11\df\corrected_voids_relax\voids-relax.83000.dump","0","TIMESTEP","C:\Users\Administrator\Documents\xwechat_files\wxid_ccnsk401f7tu22_5a73\msg\file\2025-11\df\voids.0","0","0","0"
"C:\Users\Administrator\Documents\xwechat_files\wxid_ccnsk401f7tu22_5a73\msg\file\2025-11\df\corrected_voids_relax\voids-relax.84000.dump","0","TIMESTEP","C:\Users\Administrator\Documents\xwechat_files\wxid_ccnsk401f7tu22_5a73\msg\file\2025-11\df\voids.0","0","0","0"
"C:\Users\Administrator\Documents\xwechat_files\wxid_ccnsk401f7tu22_5a73\msg\file\2025-11\df\corrected_voids_relax\voids-relax.85000.dump","0","TIMESTEP","C:\Users\Administrator\Documents\xwechat_files\wxid_ccnsk401f7tu22_5a73\msg\file\2025-11\df\voids.0","0","0","0"
"C:\Users\Administrator\Documents\xwechat_files\wxid_ccnsk401f7tu22_5a73\msg\file\2025-11\df\corrected_voids_relax\voids-relax.86000.dump","0","TIMESTEP","C:\Users\Administrator\Documents\xwechat_files\wxid_ccnsk401f7tu22_5a73\msg\file\2025-11\df\voids.0","0","0","0"
"C:\Users\Administrator\Documents\xwechat_files\wxid_ccnsk401f7tu22_5a73\msg\file\2025-11\df\corrected_voids_relax\voids-relax.87000.dump","0","TIMESTEP","C:\Users\Administrator\Documents\xwechat_files\wxid_ccnsk401f7tu22_5a73\msg\file\2025-11\df\voids.0","0","0","0"
"C:\Users\Administrator\Documents\xwechat_files\wxid_ccnsk401f7tu22_5a73\msg\file\2025-11\df\corrected_voids_relax\voids-relax.88000.dump","0","TIMESTEP","C:\Users\Administrator\Documents\xwechat_files\wxid_ccnsk401f7tu22_5a73\msg\file\2025-11\df\voids.0","0","0","0"
"C:\Users\Administrator\Documents\xwechat_files\wxid_ccnsk401f7tu22_5a73\msg\file\2025-11\df\corrected_voids_relax\voids-relax.89000.dump","0","TIMESTEP","C:\Users\Administrator\Documents\xwechat_files\wxid_ccnsk401f7tu22_5a73\msg\file\2025-11\df\voids.0","0","0","0"
"C:\Users\Administrator\Documents\xwechat_files\wxid_ccnsk401f7tu22_5a73\msg\file\2025-11\df\corrected_voids_relax\voids-relax.9000.dump","0","TIMESTEP","C:\Users\Administrator\Documents\xwechat_files\wxid_ccnsk401f7tu22_5a73\msg\file\2025-11\df\voids.0","0","0","0"
"C:\Users\Administrator\Documents\xwechat_files\wxid_ccnsk401f7tu22_5a73\msg\file\2025-11\df\corrected_voids_relax\voids-relax.90000.dump","0","TIMESTEP","C:\Users\Administrator\Documents\xwechat_files\wxid_ccnsk401f7tu22_5a73\msg\file\2025-11\df\voids.0","0","0","0"
"C:\Users\Administrator\Documents\xwechat_files\wxid_ccnsk401f7tu22_5a73\msg\file\2025-11\df\corrected_voids_relax\voids-relax.91000.dump","0","TIMESTEP","C:\Users\Administrator\Documents\xwechat_files\wxid_ccnsk401f7tu22_5a73\msg\file\2025-11\df\voids.0","0","0","0"
"C:\Users\Administrator\Documents\xwechat_files\wxid_ccnsk401f7tu22_5a73\msg\file\2025-11\df\corrected_voids_relax\voids-relax.92000.dump","0","TIMESTEP","C:\Users\Administrator\Documents\xwechat_files\wxid_ccnsk401f7tu22_5a73\msg\file\2025-11\df\voids.0","0","0","0"
"C:\Users\Administrator\Documents\xwechat_files\wxid_ccnsk401f7tu22_5a73\msg\file\2025-11\df\corrected_voids_relax\voids-relax.93000.dump","0","TIMESTEP","C:\Users\Administrator\Documents\xwechat_files\wxid_ccnsk401f7tu22_5a73\msg\file\2025-11\df\voids.0","0","0","0"
"C:\Users\Administrator\Documents\xwechat_files\wxid_ccnsk401f7tu22_5a73\msg\file\2025-11\df\corrected_voids_relax\voids-relax.94000.dump","0","TIMESTEP","C:\Users\Administrator\Documents\xwechat_files\wxid_ccnsk401f7tu22_5a73\msg\file\2025-11\df\voids.0","0","0","0"
"C:\Users\Administrator\Documents\xwechat_files\wxid_ccnsk401f7tu22_5a73\msg\file\2025-11\df\corrected_voids_relax\voids-relax.95000.dump","0","TIMESTEP","C:\Users\Administrator\Documents\xwechat_files\wxid_ccnsk401f7tu22_5a73\msg\file\2025-11\df\voids.0","0","0","0"
"C:\Users\Administrator\Documents\xwechat_files\wxid_ccnsk401f7tu22_5a73\msg\file\2025-11\df\corrected_voids_relax\voids-relax.96000.dump","0","TIMESTEP","C:\Users\Administrator\Documents\xwechat_files\wxid_ccnsk401f7tu22_5a73\msg\file\2025-11\df\voids.0","0","0","0"
"C:\Users\Administrator\Documents\xwechat_files\wxid_ccnsk401f7tu22_5a73\msg\file\2025-11\df\corrected_voids_relax\voids-relax.97000.dump","0","TIMESTEP","C:\Users\Administrator\Documents\xwechat_files\wxid_ccnsk401f7tu22_5a73\msg\file\2025-11\df\voids.0","0","0","0"
"C:\Users\Administrator\Documents\xwechat_files\wxid_ccnsk401f7tu22_5a73\msg\file\2025-11\df\corrected_voids_relax\voids-relax.98000.dump","0","TIMESTEP","C:\Users\Administrator\Documents\xwechat_files\wxid_ccnsk401f7tu22_5a73\msg\file\2025-11\df\voids.0","0","0","0"
"C:\Users\Administrator\Documents\xwechat_files\wxid_ccnsk401f7tu22_5a73\msg\file\2025-11\df\corrected_voids_relax\voids-relax.99000.dump","0","TIMESTEP","C:\Users\Administrator\Documents\xwechat_files\wxid_ccnsk401f7tu22_5a73\msg\file\2025-11\df\voids.0","0","0","0"
